url,clicks,impressions,ctr,average_position
https://www.ezhalhe-sa.com/,56,889,6.3%,12.2
https://ezhalhe-sa.com/,9,501,1.8%,7.0
https://ezhalhe-sa.com/index.html,2,238,0.8%,9.1
https://www.ezhalhe-sa.com/zid-store-design.html,2,48,4.2%,32.9
https://www.ezhalhe-sa.com/articles/مقارنة-بين-بوابات-الدفع-الإلكتروني-ميس-مدفوع-وإمكان.html,1,67,1.5%,16.2
https://ezhalhe-sa.com/articles/service5-article1.html,1,12,8.3%,11.4
https://ezhalhe-sa.com/articles/service2-article2,1,12,8.3%,19.2
https://ezhalhe-sa.com/articles/service3-article5,1,3,33.3%,5.3
https://ezhalhe-sa.com/articles/service3-article3,0,136,0%,59.2
https://www.ezhalhe-sa.com/articles/توثيق-المتجر-في-سلة-دليل-لتجنب-الأخطاء-الشائعة.html,0,34,0%,11.1
https://www.ezhalhe-sa.com/articles/الخطوات-التفصيلية-لربط-خدمة-تمارا-بمتجرك-الإلكتروني-على-سلة-أو-زد.html,0,33,0%,9.6
https://www.ezhalhe-sa.com/salla-store-design.html,0,31,0%,40.5
https://www.ezhalhe-sa.com/competitor-analysis.html,0,23,0%,53.5
https://www.ezhalhe-sa.com/articles/تحسين-seo-للمتاجر-الإلكترونية-على-سلة-دليل-شامل-للبداية.html,0,22,0%,49.2
https://www.ezhalhe-sa.com/articles/الخطوات-التفصيلية-لتوثيق-المتجر-في-منصة-سلة-بنجاح.html,0,20,0%,14.0
https://ezhalhe-sa.com/articles/service1-article3,0,17,0%,9.7
https://www.ezhalhe-sa.com/articles/أهمية-توثيق-متجرك-في-سلة-بناء-الثقة-والمصداقية.html,0,11,0%,9.9
https://www.ezhalhe-sa.com/brand-building.html,0,8,0%,74.5
https://ezhalhe-sa.com/articles/service6-article6,0,7,0%,8.1
https://www.ezhalhe-sa.com/secure-payments.html,0,7,0%,87.1
https://www.ezhalhe-sa.com/salla-store-design-jeddah.html,0,5,0%,6.6
https://ezhalhe-sa.com/articles/service3-article10,0,4,0%,7.8
https://www.ezhalhe-sa.com/articles/الوثائق-المطلوبة-لتوثيق-متجر-إلكتروني-في-منصة-الأعمال.html,0,4,0%,9.0
https://ezhalhe-sa.com/articles/service6-article5,0,4,0%,13.0
https://www.ezhalhe-sa.com/articles/الوثائق-المطلوبة-لفتح-حساب-بنكي-للأعمال-في-المملكة-العربية-السعودية.html,0,4,0%,53.3
https://www.ezhalhe-sa.com/data-analysis.html,0,4,0%,58.0
https://ezhalhe-sa.com/articles/service1-article7,0,3,0%,7.0
https://www.ezhalhe-sa.com/articles/أهمية-التصميم-الاحترافي-لمتجرك-على-سلة-زيادة-المبيعات-والثقة.html,0,3,0%,8.7
https://ezhalhe-sa.com/articles/service7-article7,0,3,0%,29.0
https://www.ezhalhe-sa.com/articles/service8-article10.html,0,2,0%,5.5
https://www.ezhalhe-sa.com/articles/كيف-تخطط-لحملة-إعلانية-ناجحة-لمتجرك-الإلكتروني.html,0,2,0%,8.0
https://ezhalhe-sa.com/articles/تصميم-متجر-إلكتروني-متوافق-مع-الجوال-mobile-first-design-على-زد.html,0,2,0%,9.0
https://www.ezhalhe-sa.com/articles/أسرار-تصميم-صفحات-المنتجات-الجذابة-على-منصة-سلة.html,0,2,0%,9.0
https://ezhalhe-sa.com/articles/تصميم-تجربة-المستخدم-ux-في-متجرك-الإلكتروني-خطوات-التنفيذ.html,0,2,0%,19.0
https://ezhalhe-sa.com/competitor-analysis.html,0,2,0%,44.0
https://www.ezhalhe-sa.com/articles/كيف-تضمن-إدارة-متجرك-الإلكتروني-بكفاءة-عالية-لمدة-شهر.html,0,1,0%,1.0
https://ezhalhe-sa.com/articles/service1-article1.html,0,1,0%,2.0
https://www.ezhalhe-sa.com/articles/تصميم-تجربة-المستخدم-ux-في-متجرك-الإلكتروني-خطوات-التنفيذ.html,0,1,0%,2.0
https://www.ezhalhe-sa.com/articles/service1-article6.html,0,1,0%,3.0
https://ezhalhe-sa.com/brand-building.html,0,1,0%,6.0
https://ezhalhe-sa.com/secure-payments.html,0,1,0%,7.0
https://ezhalhe-sa.com/data-analysis.html,0,1,0%,9.0
https://www.ezhalhe-sa.com/articles/service10-article3.html,0,1,0%,10.0
