file,cluster,hub,related_article_1,related_article_2,author,date_modified
articles/أخطاء-شائعة-في-تصميم-المتاجر-الإلكترونية-وكيفية-تجنبها.html,تصميم وتجربة المتجر,/salla-store-design.html,/articles/أسرار-تصميم-صفحات-المنتجات-الجذابة-على-منصة-سلة.html,/articles/أهمية-التصميم-الاحترافي-لمتجرك-على-سلة-زيادة-المبيعات-والثقة.html,فريق إزهلها,2026-07-15
articles/أدوات-وتقنيات-تسهل-عليك-إدارة-متجرك-الإلكتروني-اليومية.html,التسويق وإدارة المتجر,/digital-ads.html,/articles/أهمية-التخطيط-للمحتوى-في-إدارة-المتجر-وحسابات-السوشيال-ميديا.html,/articles/أهمية-تتبع-التحويلات-في-الحملات-الإعلانية-قياس-العائد-على-الاستثمار-roi.html,فريق إزهلها,2026-07-15
articles/أسرار-تصميم-صفحات-المنتجات-الجذابة-على-منصة-سلة.html,تصميم وتجربة المتجر,/salla-store-design.html,/articles/أخطاء-شائعة-في-تصميم-المتاجر-الإلكترونية-وكيفية-تجنبها.html,/articles/أهمية-التصميم-الاحترافي-لمتجرك-على-سلة-زيادة-المبيعات-والثقة.html,فريق إزهلها,2026-07-15
articles/أهمية-التخطيط-للمحتوى-في-إدارة-المتجر-وحسابات-السوشيال-ميديا.html,التسويق وإدارة المتجر,/digital-ads.html,/articles/أدوات-وتقنيات-تسهل-عليك-إدارة-متجرك-الإلكتروني-اليومية.html,/articles/أهمية-تتبع-التحويلات-في-الحملات-الإعلانية-قياس-العائد-على-الاستثمار-roi.html,فريق إزهلها,2026-07-15
articles/أهمية-التصميم-الاحترافي-لمتجرك-على-سلة-زيادة-المبيعات-والثقة.html,تصميم وتجربة المتجر,/salla-store-design.html,/articles/أسرار-تصميم-صفحات-المنتجات-الجذابة-على-منصة-سلة.html,/articles/أخطاء-شائعة-في-تصميم-المتاجر-الإلكترونية-وكيفية-تجنبها.html,فريق إزهلها,2026-07-15
articles/أهمية-تتبع-التحويلات-في-الحملات-الإعلانية-قياس-العائد-على-الاستثمار-roi.html,التسويق وإدارة المتجر,/digital-ads.html,/articles/أهمية-تفعيل-بوابات-دفع-متعددة-لمتجرك-الإلكتروني.html,/articles/أهمية-التخطيط-للمحتوى-في-إدارة-المتجر-وحسابات-السوشيال-ميديا.html,فريق إزهلها,2026-07-15
articles/أهمية-تفعيل-بوابات-دفع-متعددة-لمتجرك-الإلكتروني.html,التسويق وإدارة المتجر,/digital-ads.html,/articles/أهمية-تتبع-التحويلات-في-الحملات-الإعلانية-قياس-العائد-على-الاستثمار-roi.html,/articles/أهمية-التخطيط-للمحتوى-في-إدارة-المتجر-وحسابات-السوشيال-ميديا.html,فريق إزهلها,2026-07-15
articles/أهمية-تفعيل-خدمات-الدفع-الآجل-تابي-وتمارا-لزيادة-مبيعات-متجرك.html,الدفع وتابي وتمارا,/secure-payments.html,/articles/التحديات-الشائعة-في-تفعيل-تابي-وتمارا-وكيفية-تجاوزها.html,/articles/الخطوات-التفصيلية-لربط-خدمة-تمارا-بمتجرك-الإلكتروني-على-سلة-أو-زد.html,فريق إزهلها,2026-07-15
articles/أهمية-توثيق-متجرك-عبر-منصة-الأعمال-لضمان-الامتثال-القانوني.html,التوثيق وتأسيس الأعمال,/store-verification.html,/articles/أهمية-توثيق-متجرك-في-سلة-بناء-الثقة-والمصداقية.html,/articles/أهمية-فتح-حساب-بنكي-تجاري-لمتجرك-الإلكتروني.html,فريق إزهلها,2026-07-15
articles/أهمية-توثيق-متجرك-في-سلة-بناء-الثقة-والمصداقية.html,التوثيق وتأسيس الأعمال,/store-verification.html,/articles/أهمية-توثيق-متجرك-عبر-منصة-الأعمال-لضمان-الامتثال-القانوني.html,/articles/أهمية-فتح-حساب-بنكي-تجاري-لمتجرك-الإلكتروني.html,فريق إزهلها,2026-07-15
articles/أهمية-ربط-google-analytics-4-بمتجرك-الإلكتروني-لتحليل-الأداء.html,السيو والتحليلات,/search-engine-optimization.html,/articles/تحسين-seo-للمتاجر-الإلكترونية-على-سلة-دليل-شامل-للبداية.html,/articles/تحليل-أداء-المتجر-وحسابات-التواصل-الاجتماعي-مؤشرات-الأداء-الرئيسية-kpis.html,فريق إزهلها,2026-07-15
articles/أهمية-فتح-حساب-بنكي-تجاري-لمتجرك-الإلكتروني.html,التوثيق وتأسيس الأعمال,/store-verification.html,/articles/إدارة-التدفقات-النقدية-لمتجرك-عبر-الحساب-البنكي-التجاري.html,/articles/أهمية-توثيق-متجرك-في-سلة-بناء-الثقة-والمصداقية.html,فريق إزهلها,2026-07-15
articles/إدارة-التدفقات-النقدية-لمتجرك-عبر-الحساب-البنكي-التجاري.html,التوثيق وتأسيس الأعمال,/store-verification.html,/articles/أهمية-فتح-حساب-بنكي-تجاري-لمتجرك-الإلكتروني.html,/articles/أهمية-توثيق-متجرك-في-سلة-بناء-الثقة-والمصداقية.html,فريق إزهلها,2026-07-15
articles/إدارة-المخزون-والطلبات-في-متجرك-الإلكتروني-دليل-المبتدئين.html,التسويق وإدارة المتجر,/digital-ads.html,/articles/إدارة-خدمة-العملاء-عبر-التواصل-الاجتماعي-نصائح-لرضا-العميل.html,/articles/إعداد-حملات-إعادة-الاستهداف-retargeting-باستخدام-البكسلات.html,فريق إزهلها,2026-07-15
articles/إدارة-خدمة-العملاء-عبر-التواصل-الاجتماعي-نصائح-لرضا-العميل.html,التسويق وإدارة المتجر,/digital-ads.html,/articles/إدارة-المخزون-والطلبات-في-متجرك-الإلكتروني-دليل-المبتدئين.html,/articles/إعداد-حملات-إعادة-الاستهداف-retargeting-باستخدام-البكسلات.html,فريق إزهلها,2026-07-15
articles/إعداد-حملات-إعادة-الاستهداف-retargeting-باستخدام-البكسلات.html,التسويق وإدارة المتجر,/digital-ads.html,/articles/إدارة-خدمة-العملاء-عبر-التواصل-الاجتماعي-نصائح-لرضا-العميل.html,/articles/إدارة-المخزون-والطلبات-في-متجرك-الإلكتروني-دليل-المبتدئين.html,فريق إزهلها,2026-07-15
articles/اختيار-الدومين-المناسب-لمتجرك-الإلكتروني-نصائح-واستراتيجيات.html,التوثيق وتأسيس الأعمال,/store-verification.html,/articles/إدارة-التدفقات-النقدية-لمتجرك-عبر-الحساب-البنكي-التجاري.html,/articles/أهمية-فتح-حساب-بنكي-تجاري-لمتجرك-الإلكتروني.html,فريق إزهلها,2026-07-15
articles/استخدام-linktree-أو-بدائله-لتحسين-الروابط-في-حسابات-التواصل-الاجتماعي.html,التسويق وإدارة المتجر,/digital-ads.html,/articles/استخدام-واتساب-للأعمال-في-خدمة-العملاء-والتسويق-لمتجرك.html,/articles/إعداد-حملات-إعادة-الاستهداف-retargeting-باستخدام-البكسلات.html,فريق إزهلها,2026-07-15
articles/استخدام-واتساب-للأعمال-في-خدمة-العملاء-والتسويق-لمتجرك.html,التسويق وإدارة المتجر,/digital-ads.html,/articles/استخدام-linktree-أو-بدائله-لتحسين-الروابط-في-حسابات-التواصل-الاجتماعي.html,/articles/استراتيجيات-إدارة-حسابات-التواصل-الاجتماعي-لمتجرك-زيادة-التفاعل-والمبيعات.html,فريق إزهلها,2026-07-15
articles/استراتيجيات-إدارة-حسابات-التواصل-الاجتماعي-لمتجرك-زيادة-التفاعل-والمبيعات.html,التسويق وإدارة المتجر,/digital-ads.html,/articles/استخدام-واتساب-للأعمال-في-خدمة-العملاء-والتسويق-لمتجرك.html,/articles/استراتيجيات-استهداف-الجمهور-في-الحملات-الإعلانية-لزيادة-المبيعات.html,فريق إزهلها,2026-07-15
articles/استراتيجيات-استهداف-الجمهور-في-الحملات-الإعلانية-لزيادة-المبيعات.html,التسويق وإدارة المتجر,/digital-ads.html,/articles/استراتيجيات-إدارة-حسابات-التواصل-الاجتماعي-لمتجرك-زيادة-التفاعل-والمبيعات.html,/articles/الأخطاء-الشائعة-في-إعداد-الحملات-الإعلانية-وكيفية-تجنبها.html,فريق إزهلها,2026-07-15
articles/الأخطاء-الشائعة-في-إعداد-الحملات-الإعلانية-وكيفية-تجنبها.html,التسويق وإدارة المتجر,/digital-ads.html,/articles/استراتيجيات-استهداف-الجمهور-في-الحملات-الإعلانية-لزيادة-المبيعات.html,/articles/التحديات-الشائعة-في-إدارة-المتاجر-الإلكترونية-وحلولها.html,فريق إزهلها,2026-07-15
articles/التحديات-الشائعة-في-إدارة-المتاجر-الإلكترونية-وحلولها.html,التسويق وإدارة المتجر,/digital-ads.html,/articles/الأخطاء-الشائعة-في-إعداد-الحملات-الإعلانية-وكيفية-تجنبها.html,/articles/استراتيجيات-استهداف-الجمهور-في-الحملات-الإعلانية-لزيادة-المبيعات.html,فريق إزهلها,2026-07-15
articles/التحديات-الشائعة-في-تفعيل-تابي-وتمارا-وكيفية-تجاوزها.html,الدفع وتابي وتمارا,/secure-payments.html,/articles/الخطوات-التفصيلية-لربط-خدمة-تمارا-بمتجرك-الإلكتروني-على-سلة-أو-زد.html,/articles/الرسوم-والعمولات-مقارنة-تكاليف-استخدام-ميس-مدفوع-وإمكان.html,فريق إزهلها,2026-07-15
articles/الخدمات-الأساسية-المتكاملة-لنجاح-متجرك-الإلكتروني-قائمة-مرجعية.html,التسويق وإدارة المتجر,/digital-ads.html,/articles/الخدمات-المصرفية-الرقمية-المتاحة-لأصحاب-المتاجر-في-الراجحي-والإنماء.html,/articles/التحديات-الشائعة-في-إدارة-المتاجر-الإلكترونية-وحلولها.html,فريق إزهلها,2026-07-15
articles/الخدمات-المصرفية-الرقمية-المتاحة-لأصحاب-المتاجر-في-الراجحي-والإنماء.html,التسويق وإدارة المتجر,/digital-ads.html,/articles/الخدمات-الأساسية-المتكاملة-لنجاح-متجرك-الإلكتروني-قائمة-مرجعية.html,/articles/التحديات-الشائعة-في-إدارة-المتاجر-الإلكترونية-وحلولها.html,فريق إزهلها,2026-07-15
articles/الخطوات-الأساسية-لربط-متجرك-الإلكتروني-بمنصة-الأعمال.html,التوثيق وتأسيس الأعمال,/store-verification.html,/articles/الخطوات-التفصيلية-لاستخراج-وثيقة-العمل-الحر-عبر-الإنترنت.html,/articles/الخطوات-التفصيلية-لتوثيق-المتجر-في-منصة-سلة-بنجاح.html,فريق إزهلها,2026-07-15
articles/الخطوات-التفصيلية-لاستخراج-وثيقة-العمل-الحر-عبر-الإنترنت.html,التوثيق وتأسيس الأعمال,/store-verification.html,/articles/الخطوات-الأساسية-لربط-متجرك-الإلكتروني-بمنصة-الأعمال.html,/articles/الخطوات-التفصيلية-لتوثيق-المتجر-في-منصة-سلة-بنجاح.html,فريق إزهلها,2026-07-15
articles/الخطوات-التفصيلية-لتوثيق-المتجر-في-منصة-سلة-بنجاح.html,التوثيق وتأسيس الأعمال,/store-verification.html,/articles/الخطوات-التفصيلية-لاستخراج-وثيقة-العمل-الحر-عبر-الإنترنت.html,/articles/الخطوات-الأساسية-لربط-متجرك-الإلكتروني-بمنصة-الأعمال.html,فريق إزهلها,2026-07-15
articles/الخطوات-التفصيلية-لربط-خدمة-تمارا-بمتجرك-الإلكتروني-على-سلة-أو-زد.html,الدفع وتابي وتمارا,/secure-payments.html,/articles/الرسوم-والعمولات-مقارنة-تكاليف-استخدام-ميس-مدفوع-وإمكان.html,/articles/الشروط-والمتطلبات-الأساسية-لتفعيل-تابي-للأعمال.html,فريق إزهلها,2026-07-15
articles/الدليل-الشامل-لإعداد-وربط-البكسلات-التحويلية-فيسبوك-سناب-شات-تيك-توك.html,التسويق وإدارة المتجر,/digital-ads.html,/articles/الخدمات-المصرفية-الرقمية-المتاحة-لأصحاب-المتاجر-في-الراجحي-والإنماء.html,/articles/الخدمات-الأساسية-المتكاملة-لنجاح-متجرك-الإلكتروني-قائمة-مرجعية.html,فريق إزهلها,2026-07-15
articles/الرسوم-والعمولات-مقارنة-تكاليف-استخدام-ميس-مدفوع-وإمكان.html,الدفع وتابي وتمارا,/secure-payments.html,/articles/الخطوات-التفصيلية-لربط-خدمة-تمارا-بمتجرك-الإلكتروني-على-سلة-أو-زد.html,/articles/الشروط-والمتطلبات-الأساسية-لتفعيل-تابي-للأعمال.html,فريق إزهلها,2026-07-15
articles/الشروط-والمتطلبات-الأساسية-لاستخراج-وثيقة-العمل-الحر.html,التوثيق وتأسيس الأعمال,/store-verification.html,/articles/العلاقة-بين-توثيق-منصة-الأعمال-وتفعيل-بوابات-الدفع-الإلكتروني.html,/articles/الخطوات-التفصيلية-لتوثيق-المتجر-في-منصة-سلة-بنجاح.html,فريق إزهلها,2026-07-15
articles/الشروط-والمتطلبات-الأساسية-لتفعيل-تابي-للأعمال.html,الدفع وتابي وتمارا,/secure-payments.html,/articles/الشروط-والمتطلبات-الفنية-لتفعيل-بوابات-الدفع-الإلكتروني.html,/articles/الرسوم-والعمولات-مقارنة-تكاليف-استخدام-ميس-مدفوع-وإمكان.html,فريق إزهلها,2026-07-15
articles/الشروط-والمتطلبات-الفنية-لتفعيل-بوابات-الدفع-الإلكتروني.html,الدفع وتابي وتمارا,/secure-payments.html,/articles/الشروط-والمتطلبات-الأساسية-لتفعيل-تابي-للأعمال.html,/articles/الرسوم-والعمولات-مقارنة-تكاليف-استخدام-ميس-مدفوع-وإمكان.html,فريق إزهلها,2026-07-15
articles/العلاقة-بين-توثيق-منصة-الأعمال-وتفعيل-بوابات-الدفع-الإلكتروني.html,التوثيق وتأسيس الأعمال,/store-verification.html,/articles/العلاقة-بين-وثيقة-العمل-الحر-وتوثيق-المتجر-في-سلة.html,/articles/الفرق-بين-الحساب-البنكي-الشخصي-والحساب-البنكي-التجاري-للمتجر.html,فريق إزهلها,2026-07-15
articles/العلاقة-بين-وثيقة-العمل-الحر-وتوثيق-المتجر-في-سلة.html,التوثيق وتأسيس الأعمال,/store-verification.html,/articles/العلاقة-بين-توثيق-منصة-الأعمال-وتفعيل-بوابات-الدفع-الإلكتروني.html,/articles/الفرق-بين-الحساب-البنكي-الشخصي-والحساب-البنكي-التجاري-للمتجر.html,فريق إزهلها,2026-07-15
articles/الفرق-بين-الحساب-البنكي-الشخصي-والحساب-البنكي-التجاري-للمتجر.html,التوثيق وتأسيس الأعمال,/store-verification.html,/articles/العلاقة-بين-وثيقة-العمل-الحر-وتوثيق-المتجر-في-سلة.html,/articles/الفرق-بين-وثيقة-العمل-الحر-والسجل-التجاري-للمتجر-الإلكتروني.html,فريق إزهلها,2026-07-15
articles/الفرق-بين-وثيقة-العمل-الحر-والسجل-التجاري-للمتجر-الإلكتروني.html,التوثيق وتأسيس الأعمال,/store-verification.html,/articles/الفرق-بين-الحساب-البنكي-الشخصي-والحساب-البنكي-التجاري-للمتجر.html,/articles/الفوائد-الأمنية-لتوثيق-متجرك-عبر-منصة-الأعمال.html,فريق إزهلها,2026-07-15
articles/الفوائد-الأمنية-لتوثيق-متجرك-عبر-منصة-الأعمال.html,التوثيق وتأسيس الأعمال,/store-verification.html,/articles/الفرق-بين-وثيقة-العمل-الحر-والسجل-التجاري-للمتجر-الإلكتروني.html,/articles/الفوائد-القانونية-والتجارية-لتوثيق-متجرك-الإلكتروني.html,فريق إزهلها,2026-07-15
articles/الفوائد-القانونية-والتجارية-لتوثيق-متجرك-الإلكتروني.html,التوثيق وتأسيس الأعمال,/store-verification.html,/articles/الفوائد-الأمنية-لتوثيق-متجرك-عبر-منصة-الأعمال.html,/articles/المدة-الزمنية-المتوقعة-لإنهاء-إجراءات-توثيق-متجر-سلة.html,فريق إزهلها,2026-07-15
articles/المدة-الزمنية-المتوقعة-لإنهاء-إجراءات-توثيق-متجر-سلة.html,التوثيق وتأسيس الأعمال,/store-verification.html,/articles/الفوائد-القانونية-والتجارية-لتوثيق-متجرك-الإلكتروني.html,/articles/المزايا-والحوافز-التي-تقدمها-وثيقة-العمل-الحر-لحامليها.html,فريق إزهلها,2026-07-15
articles/المزايا-والحوافز-التي-تقدمها-وثيقة-العمل-الحر-لحامليها.html,التوثيق وتأسيس الأعمال,/store-verification.html,/articles/المدة-الزمنية-المتوقعة-لإنهاء-إجراءات-توثيق-متجر-سلة.html,/articles/الوثائق-المطلوبة-لتوثيق-متجر-إلكتروني-في-منصة-الأعمال.html,فريق إزهلها,2026-07-15
articles/الوثائق-المطلوبة-لتوثيق-متجر-إلكتروني-في-منصة-الأعمال.html,التوثيق وتأسيس الأعمال,/store-verification.html,/articles/المزايا-والحوافز-التي-تقدمها-وثيقة-العمل-الحر-لحامليها.html,/articles/الوثائق-المطلوبة-لفتح-حساب-بنكي-للأعمال-في-المملكة-العربية-السعودية.html,فريق إزهلها,2026-07-15
articles/الوثائق-المطلوبة-لفتح-حساب-بنكي-للأعمال-في-المملكة-العربية-السعودية.html,التوثيق وتأسيس الأعمال,/store-verification.html,/articles/الوثائق-المطلوبة-لتوثيق-متجر-إلكتروني-في-منصة-الأعمال.html,/articles/الوثائق-والمتطلبات-الأساسية-لعملية-توثيق-متجر-سلة.html,فريق إزهلها,2026-07-15
articles/الوثائق-والمتطلبات-الأساسية-لعملية-توثيق-متجر-سلة.html,التوثيق وتأسيس الأعمال,/store-verification.html,/articles/الوثائق-المطلوبة-لفتح-حساب-بنكي-للأعمال-في-المملكة-العربية-السعودية.html,/articles/الوثائق-المطلوبة-لتوثيق-متجر-إلكتروني-في-منصة-الأعمال.html,فريق إزهلها,2026-07-15
articles/بناء-مجتمع-حول-متجرك-الإلكتروني-عبر-استراتيجيات-التواصل-الاجتماعي.html,التسويق وإدارة المتجر,/digital-ads.html,/articles/تحسين-إعلاناتك-باستخدام-بيانات-البكسلات-دليل-متقدم.html,/articles/تدريب-سلة-كيف-تتقن-إدارة-متجرك-وتحقق-أقصى-استفادة-من-المنصة.html,فريق إزهلها,2026-07-15
articles/بوابات-الدفع-وتأثيرها-على-تجربة-المستخدم-ومعدل-التحويل.html,الدفع وتابي وتمارا,/secure-payments.html,/articles/تابي-وتمارا-مقارنة-بين-المزايا-والرسوم-لأصحاب-المتاجر.html,/articles/تجربة-العميل-مع-الدفع-الآجل-نصائح-لتحسينها.html,فريق إزهلها,2026-07-15
articles/تابي-وتمارا-مقارنة-بين-المزايا-والرسوم-لأصحاب-المتاجر.html,الدفع وتابي وتمارا,/secure-payments.html,/articles/بوابات-الدفع-وتأثيرها-على-تجربة-المستخدم-ومعدل-التحويل.html,/articles/تجربة-العميل-مع-الدفع-الآجل-نصائح-لتحسينها.html,فريق إزهلها,2026-07-15
articles/تجربة-العميل-مع-الدفع-الآجل-نصائح-لتحسينها.html,الدفع وتابي وتمارا,/secure-payments.html,/articles/تابي-وتمارا-مقارنة-بين-المزايا-والرسوم-لأصحاب-المتاجر.html,/articles/بوابات-الدفع-وتأثيرها-على-تجربة-المستخدم-ومعدل-التحويل.html,فريق إزهلها,2026-07-15
articles/تحسين-seo-للمتاجر-الإلكترونية-على-سلة-دليل-شامل-للبداية.html,السيو والتحليلات,/search-engine-optimization.html,/articles/تحليل-أداء-المتجر-وحسابات-التواصل-الاجتماعي-مؤشرات-الأداء-الرئيسية-kpis.html,/articles/دور-تحسين-seo-في-دعم-أداء-حملاتك-الإعلانية.html,فريق إزهلها,2026-07-15
articles/تحسين-إعلاناتك-باستخدام-بيانات-البكسلات-دليل-متقدم.html,التسويق وإدارة المتجر,/digital-ads.html,/articles/تدريب-سلة-كيف-تتقن-إدارة-متجرك-وتحقق-أقصى-استفادة-من-المنصة.html,/articles/بناء-مجتمع-حول-متجرك-الإلكتروني-عبر-استراتيجيات-التواصل-الاجتماعي.html,فريق إزهلها,2026-07-15
articles/تحليل-أداء-المتجر-وحسابات-التواصل-الاجتماعي-مؤشرات-الأداء-الرئيسية-kpis.html,السيو والتحليلات,/search-engine-optimization.html,/articles/تحسين-seo-للمتاجر-الإلكترونية-على-سلة-دليل-شامل-للبداية.html,/articles/دور-تحسين-seo-في-دعم-أداء-حملاتك-الإعلانية.html,فريق إزهلها,2026-07-15
articles/تدريب-سلة-كيف-تتقن-إدارة-متجرك-وتحقق-أقصى-استفادة-من-المنصة.html,التسويق وإدارة المتجر,/digital-ads.html,/articles/تحسين-إعلاناتك-باستخدام-بيانات-البكسلات-دليل-متقدم.html,/articles/تفعيل-بكسلات-التحويل-فيسبوك-سناب-شات-لتحسين-الحملات-الإعلانية.html,فريق إزهلها,2026-07-15
articles/تصميم-تجربة-المستخدم-ux-في-متجرك-الإلكتروني-خطوات-التنفيذ.html,تصميم وتجربة المتجر,/salla-store-design.html,/articles/تصميم-متجر-إلكتروني-متوافق-مع-الجوال-mobile-first-design-على-زد.html,/articles/تصميم-متجر-احترافي-استراتيجيات-لتمييز-متجرك-عن-المنافسين.html,فريق إزهلها,2026-07-15
articles/تصميم-متجر-إلكتروني-متوافق-مع-الجوال-mobile-first-design-على-زد.html,تصميم وتجربة المتجر,/salla-store-design.html,/articles/تصميم-تجربة-المستخدم-ux-في-متجرك-الإلكتروني-خطوات-التنفيذ.html,/articles/تصميم-متجر-احترافي-استراتيجيات-لتمييز-متجرك-عن-المنافسين.html,فريق إزهلها,2026-07-15
articles/تصميم-متجر-احترافي-استراتيجيات-لتمييز-متجرك-عن-المنافسين.html,تصميم وتجربة المتجر,/salla-store-design.html,/articles/تصميم-متجر-إلكتروني-متوافق-مع-الجوال-mobile-first-design-على-زد.html,/articles/تصميم-تجربة-المستخدم-ux-في-متجرك-الإلكتروني-خطوات-التنفيذ.html,فريق إزهلها,2026-07-15
articles/تفعيل-بكسلات-التحويل-فيسبوك-سناب-شات-لتحسين-الحملات-الإعلانية.html,التسويق وإدارة المتجر,/digital-ads.html,/articles/تدريب-سلة-كيف-تتقن-إدارة-متجرك-وتحقق-أقصى-استفادة-من-المنصة.html,/articles/تحسين-إعلاناتك-باستخدام-بيانات-البكسلات-دليل-متقدم.html,فريق إزهلها,2026-07-15
articles/تفعيل-تابي-وتمارا-دليل-للامتثال-لشروط-الخدمة.html,الدفع وتابي وتمارا,/secure-payments.html,/articles/حلول-الدفع-الآمنة-كيف-تحمي-متجرك-وعملائك.html,/articles/تجربة-العميل-مع-الدفع-الآجل-نصائح-لتحسينها.html,فريق إزهلها,2026-07-15
articles/توثيق-المتجر-الاحترافي-متطلبات-إضافية-لزيادة-الموثوقية.html,التوثيق وتأسيس الأعمال,/store-verification.html,/articles/توثيق-المتجر-في-سلة-دليل-لتجنب-الأخطاء-الشائعة.html,/articles/توثيق-منصة-الأعمال-دليل-لتجنب-الرفض-وتسريع-الإجراءات.html,فريق إزهلها,2026-07-15
articles/توثيق-المتجر-في-سلة-دليل-لتجنب-الأخطاء-الشائعة.html,التوثيق وتأسيس الأعمال,/store-verification.html,/articles/توثيق-المتجر-الاحترافي-متطلبات-إضافية-لزيادة-الموثوقية.html,/articles/توثيق-منصة-الأعمال-دليل-لتجنب-الرفض-وتسريع-الإجراءات.html,فريق إزهلها,2026-07-15
articles/توثيق-منصة-الأعمال-دليل-لتجنب-الرفض-وتسريع-الإجراءات.html,التوثيق وتأسيس الأعمال,/store-verification.html,/articles/توثيق-المتجر-في-سلة-دليل-لتجنب-الأخطاء-الشائعة.html,/articles/توثيق-منصة-الأعمال-ضمان-حقوق-التاجر-والمستهلك.html,فريق إزهلها,2026-07-15
articles/توثيق-منصة-الأعمال-ضمان-حقوق-التاجر-والمستهلك.html,التوثيق وتأسيس الأعمال,/store-verification.html,/articles/توثيق-منصة-الأعمال-دليل-لتجنب-الرفض-وتسريع-الإجراءات.html,/articles/توثيق-المتجر-في-سلة-دليل-لتجنب-الأخطاء-الشائعة.html,فريق إزهلها,2026-07-15
articles/حلول-الدفع-الآمنة-كيف-تحمي-متجرك-وعملائك.html,الدفع وتابي وتمارا,/secure-payments.html,/articles/تفعيل-تابي-وتمارا-دليل-للامتثال-لشروط-الخدمة.html,/articles/خدمات-المساعدة-في-تفعيل-بوابات-الدفع-ضمان-التكامل-السريع.html,فريق إزهلها,2026-07-15
articles/خدمات-الإدارة-الاحترافية-للحملات-الإعلانية-تحقيق-أفضل-النتائج.html,التسويق وإدارة المتجر,/digital-ads.html,/articles/خدمات-الإدارة-المتكاملة-للمتجر-والتسويق-الرقمي-ما-الذي-تقدمه.html,/articles/تفعيل-بكسلات-التحويل-فيسبوك-سناب-شات-لتحسين-الحملات-الإعلانية.html,فريق إزهلها,2026-07-15
articles/خدمات-الإدارة-المتكاملة-للمتجر-والتسويق-الرقمي-ما-الذي-تقدمه.html,التسويق وإدارة المتجر,/digital-ads.html,/articles/خدمات-الإدارة-الاحترافية-للحملات-الإعلانية-تحقيق-أفضل-النتائج.html,/articles/تفعيل-بكسلات-التحويل-فيسبوك-سناب-شات-لتحسين-الحملات-الإعلانية.html,فريق إزهلها,2026-07-15
articles/خدمات-الدعم-الفني-لتوثيق-متجرك-في-منصة-الأعمال.html,التوثيق وتأسيس الأعمال,/store-verification.html,/articles/خدمات-المساعدة-في-استخراج-وثيقة-العمل-الحر-توفير-الوقت-والجهد.html,/articles/توثيق-منصة-الأعمال-ضمان-حقوق-التاجر-والمستهلك.html,فريق إزهلها,2026-07-15
articles/خدمات-المساعدة-في-استخراج-وثيقة-العمل-الحر-توفير-الوقت-والجهد.html,التوثيق وتأسيس الأعمال,/store-verification.html,/articles/خدمات-الدعم-الفني-لتوثيق-متجرك-في-منصة-الأعمال.html,/articles/خدمات-المساعدة-في-توثيق-متجرك-على-سلة-ضمان-القبول-السريع.html,فريق إزهلها,2026-07-15
articles/خدمات-المساعدة-في-تفعيل-بوابات-الدفع-ضمان-التكامل-السريع.html,الدفع وتابي وتمارا,/secure-payments.html,/articles/خدمات-المساعدة-في-تفعيل-تابي-وتمارا-ضمان-القبول-السريع.html,/articles/خطوات-التسجيل-وتفعيل-بوابة-الدفع-ميس-mees-على-متجرك.html,فريق إزهلها,2026-07-15
articles/خدمات-المساعدة-في-تفعيل-تابي-وتمارا-ضمان-القبول-السريع.html,الدفع وتابي وتمارا,/secure-payments.html,/articles/خدمات-المساعدة-في-تفعيل-بوابات-الدفع-ضمان-التكامل-السريع.html,/articles/خطوات-التسجيل-وتفعيل-بوابة-الدفع-ميس-mees-على-متجرك.html,فريق إزهلها,2026-07-15
articles/خدمات-المساعدة-في-توثيق-متجرك-على-سلة-ضمان-القبول-السريع.html,التوثيق وتأسيس الأعمال,/store-verification.html,/articles/خطوات-فتح-حساب-بنكي-إلكتروني-للأفراد-والمؤسسات.html,/articles/خدمات-المساعدة-في-استخراج-وثيقة-العمل-الحر-توفير-الوقت-والجهد.html,فريق إزهلها,2026-07-15
articles/خطوات-التسجيل-وتفعيل-بوابة-الدفع-ميس-mees-على-متجرك.html,الدفع وتابي وتمارا,/secure-payments.html,/articles/خدمات-المساعدة-في-تفعيل-تابي-وتمارا-ضمان-القبول-السريع.html,/articles/دليل-تفعيل-بوابة-الدفع-مدفوع-madfou-للمتاجر-الناشئة.html,فريق إزهلها,2026-07-15
articles/خطوات-فتح-حساب-بنكي-إلكتروني-للأفراد-والمؤسسات.html,التوثيق وتأسيس الأعمال,/store-verification.html,/articles/خدمات-المساعدة-في-توثيق-متجرك-على-سلة-ضمان-القبول-السريع.html,/articles/دليل-تفعيل-تابي-وتمارا-للمتاجر-التي-تعمل-بدون-سجل-تجاري.html,فريق إزهلها,2026-07-15
articles/دليل-تفعيل-بوابة-الدفع-مدفوع-madfou-للمتاجر-الناشئة.html,الدفع وتابي وتمارا,/secure-payments.html,/articles/خطوات-التسجيل-وتفعيل-بوابة-الدفع-ميس-mees-على-متجرك.html,/articles/خدمات-المساعدة-في-تفعيل-تابي-وتمارا-ضمان-القبول-السريع.html,فريق إزهلها,2026-07-15
articles/دليل-تفعيل-تابي-وتمارا-للمتاجر-التي-تعمل-بدون-سجل-تجاري.html,التوثيق وتأسيس الأعمال,/store-verification.html,/articles/خطوات-فتح-حساب-بنكي-إلكتروني-للأفراد-والمؤسسات.html,/articles/خدمات-المساعدة-في-توثيق-متجرك-على-سلة-ضمان-القبول-السريع.html,فريق إزهلها,2026-07-15
articles/دور-الهوية-البصرية-في-نجاح-متجرك-الإلكتروني-الاحترافي.html,تصميم وتجربة المتجر,/salla-store-design.html,/articles/دور-تخصيص-css-في-تصميم-متجر-سلة-احترافي-ومميز.html,/articles/عناصر-التصميم-التي-تزيد-من-معدل-التحويل-في-المتاجر-الإلكترونية.html,فريق إزهلها,2026-07-15
articles/دور-تحسين-seo-في-دعم-أداء-حملاتك-الإعلانية.html,السيو والتحليلات,/search-engine-optimization.html,/articles/ربط-متجرك-بـ-google-merchant-center-خطوات-لزيادة-الظهور.html,/articles/كيف-يؤثر-توثيق-المتجر-على-تحسين-محركات-البحث-seo-لمتجرك.html,فريق إزهلها,2026-07-15
articles/دور-تخصيص-css-في-تصميم-متجر-سلة-احترافي-ومميز.html,تصميم وتجربة المتجر,/salla-store-design.html,/articles/دور-الهوية-البصرية-في-نجاح-متجرك-الإلكتروني-الاحترافي.html,/articles/عناصر-التصميم-التي-تزيد-من-معدل-التحويل-في-المتاجر-الإلكترونية.html,فريق إزهلها,2026-07-15
articles/ربط-متجرك-بـ-google-merchant-center-خطوات-لزيادة-الظهور.html,السيو والتحليلات,/search-engine-optimization.html,/articles/دور-تحسين-seo-في-دعم-أداء-حملاتك-الإعلانية.html,/articles/كيف-يؤثر-توثيق-المتجر-على-تحسين-محركات-البحث-seo-لمتجرك.html,فريق إزهلها,2026-07-15
articles/عناصر-التصميم-التي-تزيد-من-معدل-التحويل-في-المتاجر-الإلكترونية.html,تصميم وتجربة المتجر,/salla-store-design.html,/articles/دور-تخصيص-css-في-تصميم-متجر-سلة-احترافي-ومميز.html,/articles/كيف-تختار-قالب-متجر-زد-المناسب-لمنتجاتك-دليل-عملي.html,فريق إزهلها,2026-07-15
articles/فتح-حساب-بنكي-للمشاريع-الناشئة-دليل-خطوة-بخطوة.html,التوثيق وتأسيس الأعمال,/store-verification.html,/articles/كيف-تساعد-وثيقة-العمل-الحر-في-توثيق-متجرك-على-منصتي-سلة-وزد.html,/articles/دليل-تفعيل-تابي-وتمارا-للمتاجر-التي-تعمل-بدون-سجل-تجاري.html,فريق إزهلها,2026-07-15
articles/كيف-تختار-قالب-متجر-زد-المناسب-لمنتجاتك-دليل-عملي.html,تصميم وتجربة المتجر,/salla-store-design.html,/articles/عناصر-التصميم-التي-تزيد-من-معدل-التحويل-في-المتاجر-الإلكترونية.html,/articles/دور-تخصيص-css-في-تصميم-متجر-سلة-احترافي-ومميز.html,فريق إزهلها,2026-07-15
articles/كيف-تخطط-لحملة-إعلانية-ناجحة-لمتجرك-الإلكتروني.html,التسويق وإدارة المتجر,/digital-ads.html,/articles/كيف-تضمن-إدارة-متجرك-الإلكتروني-بكفاءة-عالية-لمدة-شهر.html,/articles/مقارنة-بين-منصات-الإعلان-الرئيسية-جوجل-فيسبوك-سناب-شات.html,فريق إزهلها,2026-07-15
articles/كيف-تساعد-وثيقة-العمل-الحر-في-توثيق-متجرك-على-منصتي-سلة-وزد.html,التوثيق وتأسيس الأعمال,/store-verification.html,/articles/فتح-حساب-بنكي-للمشاريع-الناشئة-دليل-خطوة-بخطوة.html,/articles/كيف-يؤثر-توثيق-منصة-الأعمال-على-التعاملات-المالية-والحساب-البنكي.html,فريق إزهلها,2026-07-15
articles/كيف-تضمن-إدارة-متجرك-الإلكتروني-بكفاءة-عالية-لمدة-شهر.html,التسويق وإدارة المتجر,/digital-ads.html,/articles/كيف-تخطط-لحملة-إعلانية-ناجحة-لمتجرك-الإلكتروني.html,/articles/مقارنة-بين-منصات-الإعلان-الرئيسية-جوجل-فيسبوك-سناب-شات.html,فريق إزهلها,2026-07-15
articles/كيف-يؤثر-الدفع-الآجل-على-سلة-المشتريات-وقيمة-الطلب-المتوسطة.html,الدفع وتابي وتمارا,/secure-payments.html,/articles/كيفية-ربط-بوابة-الدفع-إمكان-imkan-بمتجرك-على-سلة-أو-زد.html,/articles/مقارنة-بين-بوابات-الدفع-الإلكتروني-ميس-مدفوع-وإمكان.html,فريق إزهلها,2026-07-15
articles/كيف-يؤثر-توثيق-المتجر-على-تحسين-محركات-البحث-seo-لمتجرك.html,السيو والتحليلات,/search-engine-optimization.html,/articles/ربط-متجرك-بـ-google-merchant-center-خطوات-لزيادة-الظهور.html,/articles/دور-تحسين-seo-في-دعم-أداء-حملاتك-الإعلانية.html,فريق إزهلها,2026-07-15
articles/كيف-يؤثر-توثيق-منصة-الأعمال-على-التعاملات-المالية-والحساب-البنكي.html,التوثيق وتأسيس الأعمال,/store-verification.html,/articles/كيف-يسهل-الحساب-البنكي-التجاري-عملية-توثيق-متجرك-الإلكتروني.html,/articles/كيفية-تجديد-وثيقة-العمل-الحر-وتعديل-بياناتها.html,فريق إزهلها,2026-07-15
articles/كيف-يسهل-الحساب-البنكي-التجاري-عملية-توثيق-متجرك-الإلكتروني.html,التوثيق وتأسيس الأعمال,/store-verification.html,/articles/كيف-يؤثر-توثيق-منصة-الأعمال-على-التعاملات-المالية-والحساب-البنكي.html,/articles/كيفية-تجديد-وثيقة-العمل-الحر-وتعديل-بياناتها.html,فريق إزهلها,2026-07-15
articles/كيفية-تجديد-وثيقة-العمل-الحر-وتعديل-بياناتها.html,التوثيق وتأسيس الأعمال,/store-verification.html,/articles/كيف-يسهل-الحساب-البنكي-التجاري-عملية-توثيق-متجرك-الإلكتروني.html,/articles/كيف-يؤثر-توثيق-منصة-الأعمال-على-التعاملات-المالية-والحساب-البنكي.html,فريق إزهلها,2026-07-15
articles/كيفية-تصميم-متجر-إلكتروني-احترافي-على-منصة-سلة-وزد.html,تصميم وتجربة المتجر,/salla-store-design.html,/articles/مقارنة-شاملة-بين-باقات-تصميم-متجر-سلة-بيسك-بلس-برو-ذهبية.html,/articles/كيف-تختار-قالب-متجر-زد-المناسب-لمنتجاتك-دليل-عملي.html,فريق إزهلها,2026-07-15
articles/كيفية-ربط-بوابة-الدفع-إمكان-imkan-بمتجرك-على-سلة-أو-زد.html,الدفع وتابي وتمارا,/secure-payments.html,/articles/مقارنة-بين-بوابات-الدفع-الإلكتروني-ميس-مدفوع-وإمكان.html,/articles/كيف-يؤثر-الدفع-الآجل-على-سلة-المشتريات-وقيمة-الطلب-المتوسطة.html,فريق إزهلها,2026-07-15
articles/ما-هي-وثيقة-العمل-الحر-وأهميتها-لأصحاب-المتاجر-الإلكترونية.html,التوثيق وتأسيس الأعمال,/store-verification.html,/articles/متطلبات-التوثيق-للمتاجر-التي-تعمل-على-منصات-سلة-وزد.html,/articles/مقارنة-بين-إجراءات-فتح-حساب-بنكي-تجاري-في-الراجحي-والإنماء.html,فريق إزهلها,2026-07-15
articles/متطلبات-التوثيق-للمتاجر-التي-تعمل-على-منصات-سلة-وزد.html,التوثيق وتأسيس الأعمال,/store-verification.html,/articles/ما-هي-وثيقة-العمل-الحر-وأهميتها-لأصحاب-المتاجر-الإلكترونية.html,/articles/مقارنة-بين-إجراءات-فتح-حساب-بنكي-تجاري-في-الراجحي-والإنماء.html,فريق إزهلها,2026-07-15
articles/مقارنة-بين-إجراءات-فتح-حساب-بنكي-تجاري-في-الراجحي-والإنماء.html,التوثيق وتأسيس الأعمال,/store-verification.html,/articles/متطلبات-التوثيق-للمتاجر-التي-تعمل-على-منصات-سلة-وزد.html,/articles/ما-هي-وثيقة-العمل-الحر-وأهميتها-لأصحاب-المتاجر-الإلكترونية.html,فريق إزهلها,2026-07-15
articles/مقارنة-بين-بوابات-الدفع-الإلكتروني-ميس-مدفوع-وإمكان.html,الدفع وتابي وتمارا,/secure-payments.html,/articles/كيفية-ربط-بوابة-الدفع-إمكان-imkan-بمتجرك-على-سلة-أو-زد.html,/articles/كيف-يؤثر-الدفع-الآجل-على-سلة-المشتريات-وقيمة-الطلب-المتوسطة.html,فريق إزهلها,2026-07-15
articles/مقارنة-بين-منصات-الإعلان-الرئيسية-جوجل-فيسبوك-سناب-شات.html,التسويق وإدارة المتجر,/digital-ads.html,/articles/كيف-تضمن-إدارة-متجرك-الإلكتروني-بكفاءة-عالية-لمدة-شهر.html,/articles/كيف-تخطط-لحملة-إعلانية-ناجحة-لمتجرك-الإلكتروني.html,فريق إزهلها,2026-07-15
articles/مقارنة-شاملة-بين-باقات-تصميم-متجر-سلة-بيسك-بلس-برو-ذهبية.html,تصميم وتجربة المتجر,/salla-store-design.html,/articles/كيفية-تصميم-متجر-إلكتروني-احترافي-على-منصة-سلة-وزد.html,/articles/كيف-تختار-قالب-متجر-زد-المناسب-لمنتجاتك-دليل-عملي.html,فريق إزهلها,2026-07-15
articles/نصائح-لتسريع-عملية-الموافقة-على-فتح-حساب-بنكي-للأعمال.html,التوثيق وتأسيس الأعمال,/store-verification.html,/articles/وثيقة-العمل-الحر-دليل-لتحديد-النشاط-المناسب-لمتجرك.html,/articles/وثيقة-العمل-الحر-والالتزامات-الضريبية-ما-يجب-أن-تعرفه.html,فريق إزهلها,2026-07-15
articles/وثيقة-العمل-الحر-دليل-لتحديد-النشاط-المناسب-لمتجرك.html,التوثيق وتأسيس الأعمال,/store-verification.html,/articles/نصائح-لتسريع-عملية-الموافقة-على-فتح-حساب-بنكي-للأعمال.html,/articles/وثيقة-العمل-الحر-والالتزامات-الضريبية-ما-يجب-أن-تعرفه.html,فريق إزهلها,2026-07-15
articles/وثيقة-العمل-الحر-والالتزامات-الضريبية-ما-يجب-أن-تعرفه.html,التوثيق وتأسيس الأعمال,/store-verification.html,/articles/وثيقة-العمل-الحر-دليل-لتحديد-النشاط-المناسب-لمتجرك.html,/articles/نصائح-لتسريع-عملية-الموافقة-على-فتح-حساب-بنكي-للأعمال.html,فريق إزهلها,2026-07-15
