source,anchor_text,destination,internal_link_destination,reason
/articles/service1-article1.html,10 طرق لتحسين واجهة متجرك الإلكتروني,https://www.ezhalhe-sa.com/articles/عناصر-التصميم-التي-تزيد-من-معدل-التحويل-في-المتاجر-الإلكترونية.html,articles/عناصر-التصميم-التي-تزيد-من-معدل-التحويل-في-المتاجر-الإلكترونية.html,Legacy blog reference mapped to the closest live topical page
/articles/service1-article2.html,أفضل ألوان واجهة متجر لزيادة المبيعات,https://www.ezhalhe-sa.com/articles/دور-الهوية-البصرية-في-نجاح-متجرك-الإلكتروني-الاحترافي.html,articles/دور-الهوية-البصرية-في-نجاح-متجرك-الإلكتروني-الاحترافي.html,Legacy blog reference mapped to the closest live topical page
/articles/service1-article3.html,أهمية الصور الاحترافية في المتجر,https://www.ezhalhe-sa.com/articles/أسرار-تصميم-صفحات-المنتجات-الجذابة-على-منصة-سلة.html,articles/أسرار-تصميم-صفحات-المنتجات-الجذابة-على-منصة-سلة.html,Legacy blog reference mapped to the closest live topical page
/articles/service1-article4.html,SEO للمتاجر: أساسيات مهمة,https://www.ezhalhe-sa.com/articles/تحسين-seo-للمتاجر-الإلكترونية-على-سلة-دليل-شامل-للبداية.html,articles/تحسين-seo-للمتاجر-الإلكترونية-على-سلة-دليل-شامل-للبداية.html,Legacy blog reference mapped to the closest live topical page
/articles/service1-article5.html,كيفية اختيار الباقات المناسبة لتطوير المتجر,https://www.ezhalhe-sa.com/articles/مقارنة-شاملة-بين-باقات-تصميم-متجر-سلة-بيسك-بلس-برو-ذهبية.html,articles/مقارنة-شاملة-بين-باقات-تصميم-متجر-سلة-بيسك-بلس-برو-ذهبية.html,Legacy blog reference mapped to the closest live topical page
/articles/service1-article6.html,أدوات تصميم سهلة وسريعة,https://www.ezhalhe-sa.com/articles/كيف-تختار-قالب-متجر-زد-المناسب-لمنتجاتك-دليل-عملي.html,articles/كيف-تختار-قالب-متجر-زد-المناسب-لمنتجاتك-دليل-عملي.html,Legacy blog reference mapped to the closest live topical page
/articles/service1-article7.html,تحسين سرعة المتجر على جميع الأجهزة,https://www.ezhalhe-sa.com/articles/تصميم-متجر-إلكتروني-متوافق-مع-الجوال-mobile-first-design-على-زد.html,articles/تصميم-متجر-إلكتروني-متوافق-مع-الجوال-mobile-first-design-على-زد.html,Legacy blog reference mapped to the closest live topical page
/articles/service1-article8.html,تجربة المستخدم UX للمتاجر الإلكترونية,https://www.ezhalhe-sa.com/articles/تصميم-تجربة-المستخدم-ux-في-متجرك-الإلكتروني-خطوات-التنفيذ.html,articles/تصميم-تجربة-المستخدم-ux-في-متجرك-الإلكتروني-خطوات-التنفيذ.html,Legacy blog reference mapped to the closest live topical page
/articles/service1-article9.html,تصميم المتاجر للهواتف المحمولة,https://www.ezhalhe-sa.com/articles/تصميم-متجر-إلكتروني-متوافق-مع-الجوال-mobile-first-design-على-زد.html,articles/تصميم-متجر-إلكتروني-متوافق-مع-الجوال-mobile-first-design-على-زد.html,Legacy blog reference mapped to the closest live topical page
/articles/service1-article10.html,أخطاء شائعة في تصميم المتاجر وتجنبها,https://www.ezhalhe-sa.com/articles/أخطاء-شائعة-في-تصميم-المتاجر-الإلكترونية-وكيفية-تجنبها.html,articles/أخطاء-شائعة-في-تصميم-المتاجر-الإلكترونية-وكيفية-تجنبها.html,Legacy blog reference mapped to the closest live topical page
/articles/service2-article1.html,إدارة المتاجر: نصائح عملية,https://www.ezhalhe-sa.com/articles/كيف-تضمن-إدارة-متجرك-الإلكتروني-بكفاءة-عالية-لمدة-شهر.html,articles/كيف-تضمن-إدارة-متجرك-الإلكتروني-بكفاءة-عالية-لمدة-شهر.html,Legacy blog reference mapped to the closest live topical page
/articles/service2-article2.html,توثيق المتاجر: دليل شامل,https://www.ezhalhe-sa.com/store-verification.html,store-verification.html,Legacy blog reference mapped to the closest live topical page
/articles/service2-article3.html,مدفوعات آمنة: كيفية التفعيل,https://www.ezhalhe-sa.com/secure-payments.html,secure-payments.html,Legacy blog reference mapped to the closest live topical page
/articles/service2-article4.html,تحليل البيانات: تحسين الأداء,https://www.ezhalhe-sa.com/articles/تحليل-أداء-المتجر-وحسابات-التواصل-الاجتماعي-مؤشرات-الأداء-الرئيسية-kpis.html,articles/تحليل-أداء-المتجر-وحسابات-التواصل-الاجتماعي-مؤشرات-الأداء-الرئيسية-kpis.html,Legacy blog reference mapped to the closest live topical page
/articles/service2-article5.html,تسويق المنتجات: استراتيجيات فعالة,https://www.ezhalhe-sa.com/product-marketing.html,product-marketing.html,Legacy blog reference mapped to the closest live topical page
/articles/service2-article6.html,تحسين محركات البحث: خطوات متقدمة,https://www.ezhalhe-sa.com/search-engine-optimization.html,search-engine-optimization.html,Legacy blog reference mapped to the closest live topical page
/articles/service2-article7.html,خدمة العملاء: أفضل الممارسات,https://www.ezhalhe-sa.com/articles/إدارة-خدمة-العملاء-عبر-التواصل-الاجتماعي-نصائح-لرضا-العميل.html,articles/إدارة-خدمة-العملاء-عبر-التواصل-الاجتماعي-نصائح-لرضا-العميل.html,Legacy blog reference mapped to the closest live topical page
/articles/service2-article8.html,تحليل المنافسين: كيف تتفوق,https://www.ezhalhe-sa.com/competitor-analysis.html,competitor-analysis.html,Legacy blog reference mapped to the closest live topical page
/articles/service2-article9.html,الإعلانات الرقمية: تحقيق النتائج,https://www.ezhalhe-sa.com/digital-ads.html,digital-ads.html,Legacy blog reference mapped to the closest live topical page
/articles/service2-article10.html,بناء العلامة التجارية: استراتيجيات مبتكرة,https://www.ezhalhe-sa.com/brand-building.html,brand-building.html,Legacy blog reference mapped to the closest live topical page
/articles/service3-article1.html,التصميم البسيط: نصائح لتحقيق التناسق,https://www.ezhalhe-sa.com/articles/تصميم-متجر-احترافي-استراتيجيات-لتمييز-متجرك-عن-المنافسين.html,articles/تصميم-متجر-احترافي-استراتيجيات-لتمييز-متجرك-عن-المنافسين.html,Legacy blog reference mapped to the closest live topical page
/articles/service3-article2.html,استخدام الخطوط بشكل صحيح: أهم النصائح,https://www.ezhalhe-sa.com/articles/دور-الهوية-البصرية-في-نجاح-متجرك-الإلكتروني-الاحترافي.html,articles/دور-الهوية-البصرية-في-نجاح-متجرك-الإلكتروني-الاحترافي.html,Legacy blog reference mapped to the closest live topical page
/articles/service3-article3.html,الألوان النفسية: كيف تؤتر على الزوار؟,https://www.ezhalhe-sa.com/articles/دور-الهوية-البصرية-في-نجاح-متجرك-الإلكتروني-الاحترافي.html,articles/دور-الهوية-البصرية-في-نجاح-متجرك-الإلكتروني-الاحترافي.html,Legacy blog reference mapped to the closest live topical page
/articles/service3-article4.html,تصميم الشعارات: دليل سريع,https://www.ezhalhe-sa.com/brand-building.html,brand-building.html,Legacy blog reference mapped to the closest live topical page
/articles/service3-article5.html,الرسوم البيانية: كيف استخدامها بفعالية,https://www.ezhalhe-sa.com/articles/تحليل-أداء-المتجر-وحسابات-التواصل-الاجتماعي-مؤشرات-الأداء-الرئيسية-kpis.html,articles/تحليل-أداء-المتجر-وحسابات-التواصل-الاجتماعي-مؤشرات-الأداء-الرئيسية-kpis.html,Legacy blog reference mapped to the closest live topical page
/articles/service3-article6.html,تصميم الهوية البصرية: أساسيات مهمة,https://www.ezhalhe-sa.com/brand-building.html,brand-building.html,Legacy blog reference mapped to the closest live topical page
/articles/service3-article7.html,التفاعل مع المستخدمين: كيف تعزيز التجربة,https://www.ezhalhe-sa.com/articles/تصميم-تجربة-المستخدم-ux-في-متجرك-الإلكتروني-خطوات-التنفيذ.html,articles/تصميم-تجربة-المستخدم-ux-في-متجرك-الإلكتروني-خطوات-التنفيذ.html,Legacy blog reference mapped to the closest live topical page
/articles/service3-article8.html,تحسين صفحات الهبوط: نصائح وأسرار,https://www.ezhalhe-sa.com/articles/عناصر-التصميم-التي-تزيد-من-معدل-التحويل-في-المتاجر-الإلكترونية.html,articles/عناصر-التصميم-التي-تزيد-من-معدل-التحويل-في-المتاجر-الإلكترونية.html,Legacy blog reference mapped to the closest live topical page
/articles/service3-article9.html,تحليل التصميم: أدوات مفيدة,https://www.ezhalhe-sa.com/articles/تصميم-متجر-احترافي-استراتيجيات-لتمييز-متجرك-عن-المنافسين.html,articles/تصميم-متجر-احترافي-استراتيجيات-لتمييز-متجرك-عن-المنافسين.html,Legacy blog reference mapped to the closest live topical page
/articles/service3-article10.html,التصميم المتجاوب: كيف التنفيذ,https://www.ezhalhe-sa.com/articles/تصميم-متجر-إلكتروني-متوافق-مع-الجوال-mobile-first-design-على-زد.html,articles/تصميم-متجر-إلكتروني-متوافق-مع-الجوال-mobile-first-design-على-زد.html,Legacy blog reference mapped to the closest live topical page
/articles/service4-article1.html,التصميم البسيط: نصائح لتحقيق التناسق,https://www.ezhalhe-sa.com/articles/تصميم-متجر-احترافي-استراتيجيات-لتمييز-متجرك-عن-المنافسين.html,articles/تصميم-متجر-احترافي-استراتيجيات-لتمييز-متجرك-عن-المنافسين.html,Legacy blog reference mapped to the closest live topical page
/articles/service4-article2.html,استخدام الخطوط بشكل صحيح: أهم النصائح,https://www.ezhalhe-sa.com/articles/دور-الهوية-البصرية-في-نجاح-متجرك-الإلكتروني-الاحترافي.html,articles/دور-الهوية-البصرية-في-نجاح-متجرك-الإلكتروني-الاحترافي.html,Legacy blog reference mapped to the closest live topical page
/articles/service4-article3.html,الألوان النفسية: كيف تؤتر على الزوار؟,https://www.ezhalhe-sa.com/articles/دور-الهوية-البصرية-في-نجاح-متجرك-الإلكتروني-الاحترافي.html,articles/دور-الهوية-البصرية-في-نجاح-متجرك-الإلكتروني-الاحترافي.html,Legacy blog reference mapped to the closest live topical page
/articles/service4-article4.html,تصميم الشعارات: دليل سريع,https://www.ezhalhe-sa.com/brand-building.html,brand-building.html,Legacy blog reference mapped to the closest live topical page
/articles/service4-article5.html,الرسوم البيانية: كيف استخدامها بفعالية,https://www.ezhalhe-sa.com/articles/تحليل-أداء-المتجر-وحسابات-التواصل-الاجتماعي-مؤشرات-الأداء-الرئيسية-kpis.html,articles/تحليل-أداء-المتجر-وحسابات-التواصل-الاجتماعي-مؤشرات-الأداء-الرئيسية-kpis.html,Legacy blog reference mapped to the closest live topical page
/articles/service4-article6.html,تصميم الهوية البصرية: أساسيات مهمة,https://www.ezhalhe-sa.com/brand-building.html,brand-building.html,Legacy blog reference mapped to the closest live topical page
/articles/service4-article7.html,التفاعل مع المستخدمين: كيف تعزيز التجربة,https://www.ezhalhe-sa.com/articles/تصميم-تجربة-المستخدم-ux-في-متجرك-الإلكتروني-خطوات-التنفيذ.html,articles/تصميم-تجربة-المستخدم-ux-في-متجرك-الإلكتروني-خطوات-التنفيذ.html,Legacy blog reference mapped to the closest live topical page
/articles/service4-article8.html,تحسين صفحات الهبوط: نصائح وأسرار,https://www.ezhalhe-sa.com/articles/عناصر-التصميم-التي-تزيد-من-معدل-التحويل-في-المتاجر-الإلكترونية.html,articles/عناصر-التصميم-التي-تزيد-من-معدل-التحويل-في-المتاجر-الإلكترونية.html,Legacy blog reference mapped to the closest live topical page
/articles/service4-article9.html,تحليل التصميم: أدوات مفيدة,https://www.ezhalhe-sa.com/articles/تصميم-متجر-احترافي-استراتيجيات-لتمييز-متجرك-عن-المنافسين.html,articles/تصميم-متجر-احترافي-استراتيجيات-لتمييز-متجرك-عن-المنافسين.html,Legacy blog reference mapped to the closest live topical page
/articles/service4-article10.html,التصميم المتجاوب: كيف التنفيذ,https://www.ezhalhe-sa.com/articles/تصميم-متجر-إلكتروني-متوافق-مع-الجوال-mobile-first-design-على-زد.html,articles/تصميم-متجر-إلكتروني-متوافق-مع-الجوال-mobile-first-design-على-زد.html,Legacy blog reference mapped to the closest live topical page
/articles/service5-article1.html,التصميم البسيط: نصائح لتحقيق التناسق,https://www.ezhalhe-sa.com/articles/تصميم-متجر-احترافي-استراتيجيات-لتمييز-متجرك-عن-المنافسين.html,articles/تصميم-متجر-احترافي-استراتيجيات-لتمييز-متجرك-عن-المنافسين.html,Legacy blog reference mapped to the closest live topical page
/articles/service5-article2.html,استخدام الخطوط بشكل صحيح: أهم النصائح,https://www.ezhalhe-sa.com/articles/دور-الهوية-البصرية-في-نجاح-متجرك-الإلكتروني-الاحترافي.html,articles/دور-الهوية-البصرية-في-نجاح-متجرك-الإلكتروني-الاحترافي.html,Legacy blog reference mapped to the closest live topical page
/articles/service5-article3.html,الألوان النفسية: كيف تؤتر على الزوار؟,https://www.ezhalhe-sa.com/articles/دور-الهوية-البصرية-في-نجاح-متجرك-الإلكتروني-الاحترافي.html,articles/دور-الهوية-البصرية-في-نجاح-متجرك-الإلكتروني-الاحترافي.html,Legacy blog reference mapped to the closest live topical page
/articles/service5-article4.html,تصميم الشعارات: دليل سريع,https://www.ezhalhe-sa.com/brand-building.html,brand-building.html,Legacy blog reference mapped to the closest live topical page
/articles/service5-article5.html,الرسوم البيانية: كيف استخدامها بفعالية,https://www.ezhalhe-sa.com/articles/تحليل-أداء-المتجر-وحسابات-التواصل-الاجتماعي-مؤشرات-الأداء-الرئيسية-kpis.html,articles/تحليل-أداء-المتجر-وحسابات-التواصل-الاجتماعي-مؤشرات-الأداء-الرئيسية-kpis.html,Legacy blog reference mapped to the closest live topical page
/articles/service5-article6.html,تصميم الهوية البصرية: أساسيات مهمة,https://www.ezhalhe-sa.com/brand-building.html,brand-building.html,Legacy blog reference mapped to the closest live topical page
/articles/service5-article7.html,التفاعل مع المستخدمين: كيف تعزيز التجربة,https://www.ezhalhe-sa.com/articles/تصميم-تجربة-المستخدم-ux-في-متجرك-الإلكتروني-خطوات-التنفيذ.html,articles/تصميم-تجربة-المستخدم-ux-في-متجرك-الإلكتروني-خطوات-التنفيذ.html,Legacy blog reference mapped to the closest live topical page
/articles/service5-article8.html,تحسين صفحات الهبوط: نصائح وأسرار,https://www.ezhalhe-sa.com/articles/عناصر-التصميم-التي-تزيد-من-معدل-التحويل-في-المتاجر-الإلكترونية.html,articles/عناصر-التصميم-التي-تزيد-من-معدل-التحويل-في-المتاجر-الإلكترونية.html,Legacy blog reference mapped to the closest live topical page
/articles/service5-article9.html,تحليل التصميم: أدوات مفيدة,https://www.ezhalhe-sa.com/articles/تصميم-متجر-احترافي-استراتيجيات-لتمييز-متجرك-عن-المنافسين.html,articles/تصميم-متجر-احترافي-استراتيجيات-لتمييز-متجرك-عن-المنافسين.html,Legacy blog reference mapped to the closest live topical page
/articles/service5-article10.html,التصميم المتجاوب: كيف التنفيذ,https://www.ezhalhe-sa.com/articles/تصميم-متجر-إلكتروني-متوافق-مع-الجوال-mobile-first-design-على-زد.html,articles/تصميم-متجر-إلكتروني-متوافق-مع-الجوال-mobile-first-design-على-زد.html,Legacy blog reference mapped to the closest live topical page
/articles/service6-article1.html,التصميم البسيط: نصائح لتحقيق التناسق,https://www.ezhalhe-sa.com/articles/تصميم-متجر-احترافي-استراتيجيات-لتمييز-متجرك-عن-المنافسين.html,articles/تصميم-متجر-احترافي-استراتيجيات-لتمييز-متجرك-عن-المنافسين.html,Legacy blog reference mapped to the closest live topical page
/articles/service6-article2.html,استخدام الخطوط بشكل صحيح: أهم النصائح,https://www.ezhalhe-sa.com/articles/دور-الهوية-البصرية-في-نجاح-متجرك-الإلكتروني-الاحترافي.html,articles/دور-الهوية-البصرية-في-نجاح-متجرك-الإلكتروني-الاحترافي.html,Legacy blog reference mapped to the closest live topical page
/articles/service6-article3.html,الألوان النفسية: كيف تؤتر على الزوار؟,https://www.ezhalhe-sa.com/articles/دور-الهوية-البصرية-في-نجاح-متجرك-الإلكتروني-الاحترافي.html,articles/دور-الهوية-البصرية-في-نجاح-متجرك-الإلكتروني-الاحترافي.html,Legacy blog reference mapped to the closest live topical page
/articles/service6-article4.html,تصميم الشعارات: دليل سريع,https://www.ezhalhe-sa.com/brand-building.html,brand-building.html,Legacy blog reference mapped to the closest live topical page
/articles/service6-article5.html,الرسوم البيانية: كيف استخدامها بفعالية,https://www.ezhalhe-sa.com/articles/تحليل-أداء-المتجر-وحسابات-التواصل-الاجتماعي-مؤشرات-الأداء-الرئيسية-kpis.html,articles/تحليل-أداء-المتجر-وحسابات-التواصل-الاجتماعي-مؤشرات-الأداء-الرئيسية-kpis.html,Legacy blog reference mapped to the closest live topical page
/articles/service6-article6.html,تصميم الهوية البصرية: أساسيات مهمة,https://www.ezhalhe-sa.com/brand-building.html,brand-building.html,Legacy blog reference mapped to the closest live topical page
/articles/service6-article7.html,التفاعل مع المستخدمين: كيف تعزيز التجربة,https://www.ezhalhe-sa.com/articles/تصميم-تجربة-المستخدم-ux-في-متجرك-الإلكتروني-خطوات-التنفيذ.html,articles/تصميم-تجربة-المستخدم-ux-في-متجرك-الإلكتروني-خطوات-التنفيذ.html,Legacy blog reference mapped to the closest live topical page
/articles/service6-article8.html,تحسين صفحات الهبوط: نصائح وأسرار,https://www.ezhalhe-sa.com/articles/عناصر-التصميم-التي-تزيد-من-معدل-التحويل-في-المتاجر-الإلكترونية.html,articles/عناصر-التصميم-التي-تزيد-من-معدل-التحويل-في-المتاجر-الإلكترونية.html,Legacy blog reference mapped to the closest live topical page
/articles/service6-article9.html,تحليل التصميم: أدوات مفيدة,https://www.ezhalhe-sa.com/articles/تصميم-متجر-احترافي-استراتيجيات-لتمييز-متجرك-عن-المنافسين.html,articles/تصميم-متجر-احترافي-استراتيجيات-لتمييز-متجرك-عن-المنافسين.html,Legacy blog reference mapped to the closest live topical page
/articles/service6-article10.html,التصميم المتجاوب: كيف التنفيذ,https://www.ezhalhe-sa.com/articles/تصميم-متجر-إلكتروني-متوافق-مع-الجوال-mobile-first-design-على-زد.html,articles/تصميم-متجر-إلكتروني-متوافق-مع-الجوال-mobile-first-design-على-زد.html,Legacy blog reference mapped to the closest live topical page
/articles/service7-article1.html,التصميم البسيط: نصائح لتحقيق التناسق,https://www.ezhalhe-sa.com/articles/تصميم-متجر-احترافي-استراتيجيات-لتمييز-متجرك-عن-المنافسين.html,articles/تصميم-متجر-احترافي-استراتيجيات-لتمييز-متجرك-عن-المنافسين.html,Legacy blog reference mapped to the closest live topical page
/articles/service7-article2.html,استخدام الخطوط بشكل صحيح: أهم النصائح,https://www.ezhalhe-sa.com/articles/دور-الهوية-البصرية-في-نجاح-متجرك-الإلكتروني-الاحترافي.html,articles/دور-الهوية-البصرية-في-نجاح-متجرك-الإلكتروني-الاحترافي.html,Legacy blog reference mapped to the closest live topical page
/articles/service7-article3.html,الألوان النفسية: كيف تؤتر على الزوار؟,https://www.ezhalhe-sa.com/articles/دور-الهوية-البصرية-في-نجاح-متجرك-الإلكتروني-الاحترافي.html,articles/دور-الهوية-البصرية-في-نجاح-متجرك-الإلكتروني-الاحترافي.html,Legacy blog reference mapped to the closest live topical page
/articles/service7-article4.html,تصميم الشعارات: دليل سريع,https://www.ezhalhe-sa.com/brand-building.html,brand-building.html,Legacy blog reference mapped to the closest live topical page
/articles/service7-article5.html,الرسوم البيانية: كيف استخدامها بفعالية,https://www.ezhalhe-sa.com/articles/تحليل-أداء-المتجر-وحسابات-التواصل-الاجتماعي-مؤشرات-الأداء-الرئيسية-kpis.html,articles/تحليل-أداء-المتجر-وحسابات-التواصل-الاجتماعي-مؤشرات-الأداء-الرئيسية-kpis.html,Legacy blog reference mapped to the closest live topical page
/articles/service7-article6.html,تصميم الهوية البصرية: أساسيات مهمة,https://www.ezhalhe-sa.com/brand-building.html,brand-building.html,Legacy blog reference mapped to the closest live topical page
/articles/service7-article7.html,التفاعل مع المستخدمين: كيف تعزيز التجربة,https://www.ezhalhe-sa.com/articles/تصميم-تجربة-المستخدم-ux-في-متجرك-الإلكتروني-خطوات-التنفيذ.html,articles/تصميم-تجربة-المستخدم-ux-في-متجرك-الإلكتروني-خطوات-التنفيذ.html,Legacy blog reference mapped to the closest live topical page
/articles/service7-article8.html,تحسين صفحات الهبوط: نصائح وأسرار,https://www.ezhalhe-sa.com/articles/عناصر-التصميم-التي-تزيد-من-معدل-التحويل-في-المتاجر-الإلكترونية.html,articles/عناصر-التصميم-التي-تزيد-من-معدل-التحويل-في-المتاجر-الإلكترونية.html,Legacy blog reference mapped to the closest live topical page
/articles/service7-article9.html,تحليل التصميم: أدوات مفيدة,https://www.ezhalhe-sa.com/articles/تصميم-متجر-احترافي-استراتيجيات-لتمييز-متجرك-عن-المنافسين.html,articles/تصميم-متجر-احترافي-استراتيجيات-لتمييز-متجرك-عن-المنافسين.html,Legacy blog reference mapped to the closest live topical page
/articles/service7-article10.html,التصميم المتجاوب: كيف التنفيذ,https://www.ezhalhe-sa.com/articles/تصميم-متجر-إلكتروني-متوافق-مع-الجوال-mobile-first-design-على-زد.html,articles/تصميم-متجر-إلكتروني-متوافق-مع-الجوال-mobile-first-design-على-زد.html,Legacy blog reference mapped to the closest live topical page
/articles/service8-article1.html,التصميم البسيط: نصائح لتحقيق التناسق,https://www.ezhalhe-sa.com/articles/تصميم-متجر-احترافي-استراتيجيات-لتمييز-متجرك-عن-المنافسين.html,articles/تصميم-متجر-احترافي-استراتيجيات-لتمييز-متجرك-عن-المنافسين.html,Legacy blog reference mapped to the closest live topical page
/articles/service8-article2.html,استخدام الخطوط بشكل صحيح: أهم النصائح,https://www.ezhalhe-sa.com/articles/دور-الهوية-البصرية-في-نجاح-متجرك-الإلكتروني-الاحترافي.html,articles/دور-الهوية-البصرية-في-نجاح-متجرك-الإلكتروني-الاحترافي.html,Legacy blog reference mapped to the closest live topical page
/articles/service8-article3.html,الألوان النفسية: كيف تؤتر على الزوار؟,https://www.ezhalhe-sa.com/articles/دور-الهوية-البصرية-في-نجاح-متجرك-الإلكتروني-الاحترافي.html,articles/دور-الهوية-البصرية-في-نجاح-متجرك-الإلكتروني-الاحترافي.html,Legacy blog reference mapped to the closest live topical page
/articles/service8-article4.html,تصميم الشعارات: دليل سريع,https://www.ezhalhe-sa.com/brand-building.html,brand-building.html,Legacy blog reference mapped to the closest live topical page
/articles/service8-article5.html,الرسوم البيانية: كيف استخدامها بفعالية,https://www.ezhalhe-sa.com/articles/تحليل-أداء-المتجر-وحسابات-التواصل-الاجتماعي-مؤشرات-الأداء-الرئيسية-kpis.html,articles/تحليل-أداء-المتجر-وحسابات-التواصل-الاجتماعي-مؤشرات-الأداء-الرئيسية-kpis.html,Legacy blog reference mapped to the closest live topical page
/articles/service8-article6.html,تصميم الهوية البصرية: أساسيات مهمة,https://www.ezhalhe-sa.com/brand-building.html,brand-building.html,Legacy blog reference mapped to the closest live topical page
/articles/service8-article7.html,التفاعل مع المستخدمين: كيف تعزيز التجربة,https://www.ezhalhe-sa.com/articles/تصميم-تجربة-المستخدم-ux-في-متجرك-الإلكتروني-خطوات-التنفيذ.html,articles/تصميم-تجربة-المستخدم-ux-في-متجرك-الإلكتروني-خطوات-التنفيذ.html,Legacy blog reference mapped to the closest live topical page
/articles/service8-article8.html,تحسين صفحات الهبوط: نصائح وأسرار,https://www.ezhalhe-sa.com/articles/عناصر-التصميم-التي-تزيد-من-معدل-التحويل-في-المتاجر-الإلكترونية.html,articles/عناصر-التصميم-التي-تزيد-من-معدل-التحويل-في-المتاجر-الإلكترونية.html,Legacy blog reference mapped to the closest live topical page
/articles/service8-article9.html,تحليل التصميم: أدوات مفيدة,https://www.ezhalhe-sa.com/articles/تصميم-متجر-احترافي-استراتيجيات-لتمييز-متجرك-عن-المنافسين.html,articles/تصميم-متجر-احترافي-استراتيجيات-لتمييز-متجرك-عن-المنافسين.html,Legacy blog reference mapped to the closest live topical page
/articles/service8-article10.html,التصميم المتجاوب: كيف التنفيذ,https://www.ezhalhe-sa.com/articles/تصميم-متجر-إلكتروني-متوافق-مع-الجوال-mobile-first-design-على-زد.html,articles/تصميم-متجر-إلكتروني-متوافق-مع-الجوال-mobile-first-design-على-زد.html,Legacy blog reference mapped to the closest live topical page
/articles/service9-article1.html,التصميم البسيط: نصائح لتحقيق التناسق,https://www.ezhalhe-sa.com/articles/تصميم-متجر-احترافي-استراتيجيات-لتمييز-متجرك-عن-المنافسين.html,articles/تصميم-متجر-احترافي-استراتيجيات-لتمييز-متجرك-عن-المنافسين.html,Legacy blog reference mapped to the closest live topical page
/articles/service9-article2.html,استخدام الخطوط بشكل صحيح: أهم النصائح,https://www.ezhalhe-sa.com/articles/دور-الهوية-البصرية-في-نجاح-متجرك-الإلكتروني-الاحترافي.html,articles/دور-الهوية-البصرية-في-نجاح-متجرك-الإلكتروني-الاحترافي.html,Legacy blog reference mapped to the closest live topical page
/articles/service9-article3.html,الألوان النفسية: كيف تؤتر على الزوار؟,https://www.ezhalhe-sa.com/articles/دور-الهوية-البصرية-في-نجاح-متجرك-الإلكتروني-الاحترافي.html,articles/دور-الهوية-البصرية-في-نجاح-متجرك-الإلكتروني-الاحترافي.html,Legacy blog reference mapped to the closest live topical page
/articles/service9-article4.html,تصميم الشعارات: دليل سريع,https://www.ezhalhe-sa.com/brand-building.html,brand-building.html,Legacy blog reference mapped to the closest live topical page
/articles/service9-article5.html,الرسوم البيانية: كيف استخدامها بفعالية,https://www.ezhalhe-sa.com/articles/تحليل-أداء-المتجر-وحسابات-التواصل-الاجتماعي-مؤشرات-الأداء-الرئيسية-kpis.html,articles/تحليل-أداء-المتجر-وحسابات-التواصل-الاجتماعي-مؤشرات-الأداء-الرئيسية-kpis.html,Legacy blog reference mapped to the closest live topical page
/articles/service9-article6.html,تصميم الهوية البصرية: أساسيات مهمة,https://www.ezhalhe-sa.com/brand-building.html,brand-building.html,Legacy blog reference mapped to the closest live topical page
/articles/service9-article7.html,التفاعل مع المستخدمين: كيف تعزيز التجربة,https://www.ezhalhe-sa.com/articles/تصميم-تجربة-المستخدم-ux-في-متجرك-الإلكتروني-خطوات-التنفيذ.html,articles/تصميم-تجربة-المستخدم-ux-في-متجرك-الإلكتروني-خطوات-التنفيذ.html,Legacy blog reference mapped to the closest live topical page
/articles/service9-article8.html,تحسين صفحات الهبوط: نصائح وأسرار,https://www.ezhalhe-sa.com/articles/عناصر-التصميم-التي-تزيد-من-معدل-التحويل-في-المتاجر-الإلكترونية.html,articles/عناصر-التصميم-التي-تزيد-من-معدل-التحويل-في-المتاجر-الإلكترونية.html,Legacy blog reference mapped to the closest live topical page
/articles/service9-article9.html,تحليل التصميم: أدوات مفيدة,https://www.ezhalhe-sa.com/articles/تصميم-متجر-احترافي-استراتيجيات-لتمييز-متجرك-عن-المنافسين.html,articles/تصميم-متجر-احترافي-استراتيجيات-لتمييز-متجرك-عن-المنافسين.html,Legacy blog reference mapped to the closest live topical page
/articles/service9-article10.html,التصميم المتجاوب: كيف التنفيذ,https://www.ezhalhe-sa.com/articles/تصميم-متجر-إلكتروني-متوافق-مع-الجوال-mobile-first-design-على-زد.html,articles/تصميم-متجر-إلكتروني-متوافق-مع-الجوال-mobile-first-design-على-زد.html,Legacy blog reference mapped to the closest live topical page
/articles/service10-article1.html,إدارة المتاجر: نصائح عملية,https://www.ezhalhe-sa.com/articles/كيف-تضمن-إدارة-متجرك-الإلكتروني-بكفاءة-عالية-لمدة-شهر.html,articles/كيف-تضمن-إدارة-متجرك-الإلكتروني-بكفاءة-عالية-لمدة-شهر.html,Legacy blog reference mapped to the closest live topical page
/articles/service10-article2.html,توثيق المتاجر: دليل شامل,https://www.ezhalhe-sa.com/store-verification.html,store-verification.html,Legacy blog reference mapped to the closest live topical page
/articles/service10-article3.html,مدفوعات آمنة: كيفية التفعيل,https://www.ezhalhe-sa.com/secure-payments.html,secure-payments.html,Legacy blog reference mapped to the closest live topical page
/articles/service10-article4.html,تحليل البيانات: تحسين الأداء,https://www.ezhalhe-sa.com/articles/تحليل-أداء-المتجر-وحسابات-التواصل-الاجتماعي-مؤشرات-الأداء-الرئيسية-kpis.html,articles/تحليل-أداء-المتجر-وحسابات-التواصل-الاجتماعي-مؤشرات-الأداء-الرئيسية-kpis.html,Legacy blog reference mapped to the closest live topical page
/articles/service10-article5.html,تسويق المنتجات: استراتيجيات فعالة,https://www.ezhalhe-sa.com/product-marketing.html,product-marketing.html,Legacy blog reference mapped to the closest live topical page
/articles/service10-article6.html,تحسين محركات البحث: خطوات متقدمة,https://www.ezhalhe-sa.com/search-engine-optimization.html,search-engine-optimization.html,Legacy blog reference mapped to the closest live topical page
/articles/service10-article7.html,خدمة العملاء: أفضل الممارسات,https://www.ezhalhe-sa.com/articles/إدارة-خدمة-العملاء-عبر-التواصل-الاجتماعي-نصائح-لرضا-العميل.html,articles/إدارة-خدمة-العملاء-عبر-التواصل-الاجتماعي-نصائح-لرضا-العميل.html,Legacy blog reference mapped to the closest live topical page
/articles/service10-article8.html,تحليل المنافسين: كيف تتفوق,https://www.ezhalhe-sa.com/competitor-analysis.html,competitor-analysis.html,Legacy blog reference mapped to the closest live topical page
/articles/service10-article9.html,الإعلانات الرقمية: تحقيق النتائج,https://www.ezhalhe-sa.com/digital-ads.html,digital-ads.html,Legacy blog reference mapped to the closest live topical page
/articles/service10-article10.html,بناء العلامة التجارية: استراتيجيات مبتكرة,https://www.ezhalhe-sa.com/brand-building.html,brand-building.html,Legacy blog reference mapped to the closest live topical page
