file,url,title,title_length,description_length,og_type,schema_types,author
articles/أخطاء-شائعة-في-تصميم-المتاجر-الإلكترونية-وكيفية-تجنبها.html,https://www.ezhalhe-sa.com/articles/أخطاء-شائعة-في-تصميم-المتاجر-الإلكترونية-وكيفية-تجنبها.html,أخطاء شائعة في تصميم المتاجر الإلكترونية وكيفية تجنبها.,55,157,article,Article|BreadcrumbList|ImageObject|Organization|WebPage|WebSite,فريق إزهلها
articles/أدوات-وتقنيات-تسهل-عليك-إدارة-متجرك-الإلكتروني-اليومية.html,https://www.ezhalhe-sa.com/articles/أدوات-وتقنيات-تسهل-عليك-إدارة-متجرك-الإلكتروني-اليومية.html,أدوات وتقنيات تسهل عليك إدارة متجرك الإلكتروني اليومية.,55,157,article,Article|BreadcrumbList|ImageObject|Organization|WebPage|WebSite,فريق إزهلها
articles/أسرار-تصميم-صفحات-المنتجات-الجذابة-على-منصة-سلة.html,https://www.ezhalhe-sa.com/articles/أسرار-تصميم-صفحات-المنتجات-الجذابة-على-منصة-سلة.html,أسرار تصميم صفحات المنتجات الجذابة على منصة سلة.,48,150,article,Article|BreadcrumbList|ImageObject|Organization|WebPage|WebSite,فريق إزهلها
articles/أهمية-التخطيط-للمحتوى-في-إدارة-المتجر-وحسابات-السوشيال-ميديا.html,https://www.ezhalhe-sa.com/articles/أهمية-التخطيط-للمحتوى-في-إدارة-المتجر-وحسابات-السوشيال-ميديا.html,أهمية التخطيط للمحتوى في إدارة المتجر وحسابات السوشيال ميديا.,61,163,article,Article|BreadcrumbList|ImageObject|Organization|WebPage|WebSite,فريق إزهلها
articles/أهمية-التصميم-الاحترافي-لمتجرك-على-سلة-زيادة-المبيعات-والثقة.html,https://www.ezhalhe-sa.com/articles/أهمية-التصميم-الاحترافي-لمتجرك-على-سلة-زيادة-المبيعات-والثقة.html,أهمية التصميم الاحترافي لمتجرك على سلة: زيادة المبيعات والثقة.,62,165,article,Article|BreadcrumbList|ImageObject|Organization|WebPage|WebSite,فريق إزهلها
articles/أهمية-تتبع-التحويلات-في-الحملات-الإعلانية-قياس-العائد-على-الاستثمار-roi.html,https://www.ezhalhe-sa.com/articles/أهمية-تتبع-التحويلات-في-الحملات-الإعلانية-قياس-العائد-على-الاستثمار-roi.html,تتبع التحويلات وقياس ROI للحملات الإعلانية | إزهلها,51,128,article,Article|BreadcrumbList|ImageObject|Organization|WebPage|WebSite,فريق إزهلها
articles/أهمية-تفعيل-بوابات-دفع-متعددة-لمتجرك-الإلكتروني.html,https://www.ezhalhe-sa.com/articles/أهمية-تفعيل-بوابات-دفع-متعددة-لمتجرك-الإلكتروني.html,أهمية تفعيل بوابات دفع متعددة لمتجرك الإلكتروني.,48,150,article,Article|BreadcrumbList|ImageObject|Organization|WebPage|WebSite,فريق إزهلها
articles/أهمية-تفعيل-خدمات-الدفع-الآجل-تابي-وتمارا-لزيادة-مبيعات-متجرك.html,https://www.ezhalhe-sa.com/articles/أهمية-تفعيل-خدمات-الدفع-الآجل-تابي-وتمارا-لزيادة-مبيعات-متجرك.html,أهمية تفعيل خدمات الدفع الآجل (تابي وتمارا) لزيادة مبيعات متجرك.,64,166,article,Article|BreadcrumbList|ImageObject|Organization|WebPage|WebSite,فريق إزهلها
articles/أهمية-توثيق-متجرك-عبر-منصة-الأعمال-لضمان-الامتثال-القانوني.html,https://www.ezhalhe-sa.com/articles/أهمية-توثيق-متجرك-عبر-منصة-الأعمال-لضمان-الامتثال-القانوني.html,أهمية توثيق متجرك عبر منصة الأعمال لضمان الامتثال القانوني.,59,161,article,Article|BreadcrumbList|ImageObject|Organization|WebPage|WebSite,فريق إزهلها
articles/أهمية-توثيق-متجرك-في-سلة-بناء-الثقة-والمصداقية.html,https://www.ezhalhe-sa.com/articles/أهمية-توثيق-متجرك-في-سلة-بناء-الثقة-والمصداقية.html,أهمية توثيق متجرك في سلة: بناء الثقة والمصداقية.,48,151,article,Article|BreadcrumbList|ImageObject|Organization|WebPage|WebSite,فريق إزهلها
articles/أهمية-ربط-google-analytics-4-بمتجرك-الإلكتروني-لتحليل-الأداء.html,https://www.ezhalhe-sa.com/articles/أهمية-ربط-google-analytics-4-بمتجرك-الإلكتروني-لتحليل-الأداء.html,أهمية ربط Google Analytics 4 بمتجرك الإلكتروني لتحليل الأداء.,61,163,article,Article|BreadcrumbList|ImageObject|Organization|WebPage|WebSite,فريق إزهلها
articles/أهمية-فتح-حساب-بنكي-تجاري-لمتجرك-الإلكتروني.html,https://www.ezhalhe-sa.com/articles/أهمية-فتح-حساب-بنكي-تجاري-لمتجرك-الإلكتروني.html,أهمية فتح حساب بنكي تجاري لمتجرك الإلكتروني.,44,146,article,Article|BreadcrumbList|ImageObject|Organization|WebPage|WebSite,فريق إزهلها
articles/إدارة-التدفقات-النقدية-لمتجرك-عبر-الحساب-البنكي-التجاري.html,https://www.ezhalhe-sa.com/articles/إدارة-التدفقات-النقدية-لمتجرك-عبر-الحساب-البنكي-التجاري.html,إدارة التدفقات النقدية لمتجرك عبر الحساب البنكي التجاري.,56,158,article,Article|BreadcrumbList|ImageObject|Organization|WebPage|WebSite,فريق إزهلها
articles/إدارة-المخزون-والطلبات-في-متجرك-الإلكتروني-دليل-المبتدئين.html,https://www.ezhalhe-sa.com/articles/إدارة-المخزون-والطلبات-في-متجرك-الإلكتروني-دليل-المبتدئين.html,إدارة المخزون والطلبات في متجرك الإلكتروني: دليل المبتدئين.,59,162,article,Article|BreadcrumbList|ImageObject|Organization|WebPage|WebSite,فريق إزهلها
articles/إدارة-خدمة-العملاء-عبر-التواصل-الاجتماعي-نصائح-لرضا-العميل.html,https://www.ezhalhe-sa.com/articles/إدارة-خدمة-العملاء-عبر-التواصل-الاجتماعي-نصائح-لرضا-العميل.html,إدارة خدمة العملاء عبر التواصل الاجتماعي: نصائح لرضا العميل.,60,163,article,Article|BreadcrumbList|ImageObject|Organization|WebPage|WebSite,فريق إزهلها
articles/إعداد-حملات-إعادة-الاستهداف-retargeting-باستخدام-البكسلات.html,https://www.ezhalhe-sa.com/articles/إعداد-حملات-إعادة-الاستهداف-retargeting-باستخدام-البكسلات.html,إعداد حملات إعادة الاستهداف (Retargeting) باستخدام البكسلات.,60,162,article,Article|BreadcrumbList|ImageObject|Organization|WebPage|WebSite,فريق إزهلها
articles/اختيار-الدومين-المناسب-لمتجرك-الإلكتروني-نصائح-واستراتيجيات.html,https://www.ezhalhe-sa.com/articles/اختيار-الدومين-المناسب-لمتجرك-الإلكتروني-نصائح-واستراتيجيات.html,اختيار الدومين المناسب لمتجرك الإلكتروني: نصائح واستراتيجيات.,61,164,article,Article|BreadcrumbList|ImageObject|Organization|WebPage|WebSite,فريق إزهلها
articles/استخدام-linktree-أو-بدائله-لتحسين-الروابط-في-حسابات-التواصل-الاجتماعي.html,https://www.ezhalhe-sa.com/articles/استخدام-linktree-أو-بدائله-لتحسين-الروابط-في-حسابات-التواصل-الاجتماعي.html,استخدام Linktree وبدائله للمتاجر الإلكترونية | إزهلها,53,119,article,Article|BreadcrumbList|ImageObject|Organization|WebPage|WebSite,فريق إزهلها
articles/استخدام-واتساب-للأعمال-في-خدمة-العملاء-والتسويق-لمتجرك.html,https://www.ezhalhe-sa.com/articles/استخدام-واتساب-للأعمال-في-خدمة-العملاء-والتسويق-لمتجرك.html,استخدام واتساب للأعمال في خدمة العملاء والتسويق لمتجرك.,55,157,article,Article|BreadcrumbList|ImageObject|Organization|WebPage|WebSite,فريق إزهلها
articles/استراتيجيات-إدارة-حسابات-التواصل-الاجتماعي-لمتجرك-زيادة-التفاعل-والمبيعات.html,https://www.ezhalhe-sa.com/articles/استراتيجيات-إدارة-حسابات-التواصل-الاجتماعي-لمتجرك-زيادة-التفاعل-والمبيعات.html,إدارة حسابات التواصل للمتاجر وزيادة المبيعات | إزهلها,53,123,article,Article|BreadcrumbList|ImageObject|Organization|WebPage|WebSite,فريق إزهلها
articles/استراتيجيات-استهداف-الجمهور-في-الحملات-الإعلانية-لزيادة-المبيعات.html,https://www.ezhalhe-sa.com/articles/استراتيجيات-استهداف-الجمهور-في-الحملات-الإعلانية-لزيادة-المبيعات.html,استراتيجيات استهداف الجمهور في الحملات الإعلانية لزيادة المبيعات.,65,167,article,Article|BreadcrumbList|ImageObject|Organization|WebPage|WebSite,فريق إزهلها
articles/الأخطاء-الشائعة-في-إعداد-الحملات-الإعلانية-وكيفية-تجنبها.html,https://www.ezhalhe-sa.com/articles/الأخطاء-الشائعة-في-إعداد-الحملات-الإعلانية-وكيفية-تجنبها.html,الأخطاء الشائعة في إعداد الحملات الإعلانية وكيفية تجنبها.,57,159,article,Article|BreadcrumbList|ImageObject|Organization|WebPage|WebSite,فريق إزهلها
articles/التحديات-الشائعة-في-إدارة-المتاجر-الإلكترونية-وحلولها.html,https://www.ezhalhe-sa.com/articles/التحديات-الشائعة-في-إدارة-المتاجر-الإلكترونية-وحلولها.html,التحديات الشائعة في إدارة المتاجر الإلكترونية وحلولها.,54,156,article,Article|BreadcrumbList|ImageObject|Organization|WebPage|WebSite,فريق إزهلها
articles/التحديات-الشائعة-في-تفعيل-تابي-وتمارا-وكيفية-تجاوزها.html,https://www.ezhalhe-sa.com/articles/التحديات-الشائعة-في-تفعيل-تابي-وتمارا-وكيفية-تجاوزها.html,التحديات الشائعة في تفعيل تابي وتمارا وكيفية تجاوزها.,53,155,article,Article|BreadcrumbList|ImageObject|Organization|WebPage|WebSite,فريق إزهلها
articles/الخدمات-الأساسية-المتكاملة-لنجاح-متجرك-الإلكتروني-قائمة-مرجعية.html,https://www.ezhalhe-sa.com/articles/الخدمات-الأساسية-المتكاملة-لنجاح-متجرك-الإلكتروني-قائمة-مرجعية.html,الخدمات الأساسية المتكاملة لنجاح متجرك الإلكتروني: قائمة مرجعية.,64,167,article,Article|BreadcrumbList|ImageObject|Organization|WebPage|WebSite,فريق إزهلها
articles/الخدمات-المصرفية-الرقمية-المتاحة-لأصحاب-المتاجر-في-الراجحي-والإنماء.html,https://www.ezhalhe-sa.com/articles/الخدمات-المصرفية-الرقمية-المتاحة-لأصحاب-المتاجر-في-الراجحي-والإنماء.html,الخدمات المصرفية الرقمية للمتاجر | إزهلها,41,170,article,Article|BreadcrumbList|ImageObject|Organization|WebPage|WebSite,فريق إزهلها
articles/الخطوات-الأساسية-لربط-متجرك-الإلكتروني-بمنصة-الأعمال.html,https://www.ezhalhe-sa.com/articles/الخطوات-الأساسية-لربط-متجرك-الإلكتروني-بمنصة-الأعمال.html,الخطوات الأساسية لربط متجرك الإلكتروني بمنصة الأعمال.,53,155,article,Article|BreadcrumbList|ImageObject|Organization|WebPage|WebSite,فريق إزهلها
articles/الخطوات-التفصيلية-لاستخراج-وثيقة-العمل-الحر-عبر-الإنترنت.html,https://www.ezhalhe-sa.com/articles/الخطوات-التفصيلية-لاستخراج-وثيقة-العمل-الحر-عبر-الإنترنت.html,الخطوات التفصيلية لاستخراج وثيقة العمل الحر عبر الإنترنت.,57,159,article,Article|BreadcrumbList|ImageObject|Organization|WebPage|WebSite,فريق إزهلها
articles/الخطوات-التفصيلية-لتوثيق-المتجر-في-منصة-سلة-بنجاح.html,https://www.ezhalhe-sa.com/articles/الخطوات-التفصيلية-لتوثيق-المتجر-في-منصة-سلة-بنجاح.html,الخطوات التفصيلية لتوثيق المتجر في منصة سلة بنجاح.,50,152,article,Article|BreadcrumbList|ImageObject|Organization|WebPage|WebSite,فريق إزهلها
articles/الخطوات-التفصيلية-لربط-خدمة-تمارا-بمتجرك-الإلكتروني-على-سلة-أو-زد.html,https://www.ezhalhe-sa.com/articles/الخطوات-التفصيلية-لربط-خدمة-تمارا-بمتجرك-الإلكتروني-على-سلة-أو-زد.html,ربط تمارا بمتجر سلة أو زد خطوة بخطوة | إزهلها,45,168,article,Article|BreadcrumbList|ImageObject|Organization|WebPage|WebSite,فريق إزهلها
articles/الدليل-الشامل-لإعداد-وربط-البكسلات-التحويلية-فيسبوك-سناب-شات-تيك-توك.html,https://www.ezhalhe-sa.com/articles/الدليل-الشامل-لإعداد-وربط-البكسلات-التحويلية-فيسبوك-سناب-شات-تيك-توك.html,ربط بكسلات فيسبوك وسناب وتيك توك بالمتجر | إزهلها,49,116,article,Article|BreadcrumbList|ImageObject|Organization|WebPage|WebSite,فريق إزهلها
articles/الرسوم-والعمولات-مقارنة-تكاليف-استخدام-ميس-مدفوع-وإمكان.html,https://www.ezhalhe-sa.com/articles/الرسوم-والعمولات-مقارنة-تكاليف-استخدام-ميس-مدفوع-وإمكان.html,الرسوم والعمولات: مقارنة تكاليف استخدام ميس، مدفوع، وإمكان.,59,162,article,Article|BreadcrumbList|ImageObject|Organization|WebPage|WebSite,فريق إزهلها
articles/الشروط-والمتطلبات-الأساسية-لاستخراج-وثيقة-العمل-الحر.html,https://www.ezhalhe-sa.com/articles/الشروط-والمتطلبات-الأساسية-لاستخراج-وثيقة-العمل-الحر.html,الشروط والمتطلبات الأساسية لاستخراج وثيقة العمل الحر.,53,155,article,Article|BreadcrumbList|ImageObject|Organization|WebPage|WebSite,فريق إزهلها
articles/الشروط-والمتطلبات-الأساسية-لتفعيل-تابي-للأعمال.html,https://www.ezhalhe-sa.com/articles/الشروط-والمتطلبات-الأساسية-لتفعيل-تابي-للأعمال.html,الشروط والمتطلبات الأساسية لتفعيل تابي للأعمال.,47,149,article,Article|BreadcrumbList|ImageObject|Organization|WebPage|WebSite,فريق إزهلها
articles/الشروط-والمتطلبات-الفنية-لتفعيل-بوابات-الدفع-الإلكتروني.html,https://www.ezhalhe-sa.com/articles/الشروط-والمتطلبات-الفنية-لتفعيل-بوابات-الدفع-الإلكتروني.html,الشروط والمتطلبات الفنية لتفعيل بوابات الدفع الإلكتروني.,56,158,article,Article|BreadcrumbList|ImageObject|Organization|WebPage|WebSite,فريق إزهلها
articles/العلاقة-بين-توثيق-منصة-الأعمال-وتفعيل-بوابات-الدفع-الإلكتروني.html,https://www.ezhalhe-sa.com/articles/العلاقة-بين-توثيق-منصة-الأعمال-وتفعيل-بوابات-الدفع-الإلكتروني.html,العلاقة بين توثيق منصة الأعمال وتفعيل بوابات الدفع الإلكتروني.,62,164,article,Article|BreadcrumbList|ImageObject|Organization|WebPage|WebSite,فريق إزهلها
articles/العلاقة-بين-وثيقة-العمل-الحر-وتوثيق-المتجر-في-سلة.html,https://www.ezhalhe-sa.com/articles/العلاقة-بين-وثيقة-العمل-الحر-وتوثيق-المتجر-في-سلة.html,العلاقة بين وثيقة العمل الحر وتوثيق المتجر في سلة.,50,152,article,Article|BreadcrumbList|ImageObject|Organization|WebPage|WebSite,فريق إزهلها
articles/الفرق-بين-الحساب-البنكي-الشخصي-والحساب-البنكي-التجاري-للمتجر.html,https://www.ezhalhe-sa.com/articles/الفرق-بين-الحساب-البنكي-الشخصي-والحساب-البنكي-التجاري-للمتجر.html,الفرق بين الحساب البنكي الشخصي والحساب البنكي التجاري للمتجر.,61,163,article,Article|BreadcrumbList|ImageObject|Organization|WebPage|WebSite,فريق إزهلها
articles/الفرق-بين-وثيقة-العمل-الحر-والسجل-التجاري-للمتجر-الإلكتروني.html,https://www.ezhalhe-sa.com/articles/الفرق-بين-وثيقة-العمل-الحر-والسجل-التجاري-للمتجر-الإلكتروني.html,الفرق بين وثيقة العمل الحر والسجل التجاري للمتجر الإلكتروني.,60,162,article,Article|BreadcrumbList|ImageObject|Organization|WebPage|WebSite,فريق إزهلها
articles/الفوائد-الأمنية-لتوثيق-متجرك-عبر-منصة-الأعمال.html,https://www.ezhalhe-sa.com/articles/الفوائد-الأمنية-لتوثيق-متجرك-عبر-منصة-الأعمال.html,الفوائد الأمنية لتوثيق متجرك عبر منصة الأعمال.,46,148,article,Article|BreadcrumbList|ImageObject|Organization|WebPage|WebSite,فريق إزهلها
articles/الفوائد-القانونية-والتجارية-لتوثيق-متجرك-الإلكتروني.html,https://www.ezhalhe-sa.com/articles/الفوائد-القانونية-والتجارية-لتوثيق-متجرك-الإلكتروني.html,الفوائد القانونية والتجارية لتوثيق متجرك الإلكتروني.,52,154,article,Article|BreadcrumbList|ImageObject|Organization|WebPage|WebSite,فريق إزهلها
articles/المدة-الزمنية-المتوقعة-لإنهاء-إجراءات-توثيق-متجر-سلة.html,https://www.ezhalhe-sa.com/articles/المدة-الزمنية-المتوقعة-لإنهاء-إجراءات-توثيق-متجر-سلة.html,المدة الزمنية المتوقعة لإنهاء إجراءات توثيق متجر سلة.,53,155,article,Article|BreadcrumbList|ImageObject|Organization|WebPage|WebSite,فريق إزهلها
articles/المزايا-والحوافز-التي-تقدمها-وثيقة-العمل-الحر-لحامليها.html,https://www.ezhalhe-sa.com/articles/المزايا-والحوافز-التي-تقدمها-وثيقة-العمل-الحر-لحامليها.html,المزايا والحوافز التي تقدمها وثيقة العمل الحر لحامليها.,55,157,article,Article|BreadcrumbList|ImageObject|Organization|WebPage|WebSite,فريق إزهلها
articles/الوثائق-المطلوبة-لتوثيق-متجر-إلكتروني-في-منصة-الأعمال.html,https://www.ezhalhe-sa.com/articles/الوثائق-المطلوبة-لتوثيق-متجر-إلكتروني-في-منصة-الأعمال.html,الوثائق المطلوبة لتوثيق متجر إلكتروني في منصة الأعمال.,54,156,article,Article|BreadcrumbList|ImageObject|Organization|WebPage|WebSite,فريق إزهلها
articles/الوثائق-المطلوبة-لفتح-حساب-بنكي-للأعمال-في-المملكة-العربية-السعودية.html,https://www.ezhalhe-sa.com/articles/الوثائق-المطلوبة-لفتح-حساب-بنكي-للأعمال-في-المملكة-العربية-السعودية.html,وثائق فتح حساب بنكي للأعمال في السعودية | إزهلها,48,170,article,Article|BreadcrumbList|ImageObject|Organization|WebPage|WebSite,فريق إزهلها
articles/الوثائق-والمتطلبات-الأساسية-لعملية-توثيق-متجر-سلة.html,https://www.ezhalhe-sa.com/articles/الوثائق-والمتطلبات-الأساسية-لعملية-توثيق-متجر-سلة.html,الوثائق والمتطلبات الأساسية لعملية توثيق متجر سلة.,50,152,article,Article|BreadcrumbList|ImageObject|Organization|WebPage|WebSite,فريق إزهلها
articles/بناء-مجتمع-حول-متجرك-الإلكتروني-عبر-استراتيجيات-التواصل-الاجتماعي.html,https://www.ezhalhe-sa.com/articles/بناء-مجتمع-حول-متجرك-الإلكتروني-عبر-استراتيجيات-التواصل-الاجتماعي.html,بناء مجتمع حول متجرك عبر التواصل الاجتماعي | إزهلها,51,168,article,Article|BreadcrumbList|ImageObject|Organization|WebPage|WebSite,فريق إزهلها
articles/بوابات-الدفع-وتأثيرها-على-تجربة-المستخدم-ومعدل-التحويل.html,https://www.ezhalhe-sa.com/articles/بوابات-الدفع-وتأثيرها-على-تجربة-المستخدم-ومعدل-التحويل.html,بوابات الدفع وتأثيرها على تجربة المستخدم ومعدل التحويل.,55,157,article,Article|BreadcrumbList|ImageObject|Organization|WebPage|WebSite,فريق إزهلها
articles/تابي-وتمارا-مقارنة-بين-المزايا-والرسوم-لأصحاب-المتاجر.html,https://www.ezhalhe-sa.com/articles/تابي-وتمارا-مقارنة-بين-المزايا-والرسوم-لأصحاب-المتاجر.html,تابي وتمارا: مقارنة بين المزايا والرسوم لأصحاب المتاجر.,55,158,article,Article|BreadcrumbList|ImageObject|Organization|WebPage|WebSite,فريق إزهلها
articles/تجربة-العميل-مع-الدفع-الآجل-نصائح-لتحسينها.html,https://www.ezhalhe-sa.com/articles/تجربة-العميل-مع-الدفع-الآجل-نصائح-لتحسينها.html,تجربة العميل مع الدفع الآجل: نصائح لتحسينها.,44,147,article,Article|BreadcrumbList|ImageObject|Organization|WebPage|WebSite,فريق إزهلها
articles/تحسين-seo-للمتاجر-الإلكترونية-على-سلة-دليل-شامل-للبداية.html,https://www.ezhalhe-sa.com/articles/تحسين-seo-للمتاجر-الإلكترونية-على-سلة-دليل-شامل-للبداية.html,تحسين SEO للمتاجر الإلكترونية على سلة: دليل شامل للبداية.,57,160,article,Article|BreadcrumbList|ImageObject|Organization|WebPage|WebSite,فريق إزهلها
articles/تحسين-إعلاناتك-باستخدام-بيانات-البكسلات-دليل-متقدم.html,https://www.ezhalhe-sa.com/articles/تحسين-إعلاناتك-باستخدام-بيانات-البكسلات-دليل-متقدم.html,تحسين إعلاناتك باستخدام بيانات البكسلات: دليل متقدم.,52,155,article,Article|BreadcrumbList|ImageObject|Organization|WebPage|WebSite,فريق إزهلها
articles/تحليل-أداء-المتجر-وحسابات-التواصل-الاجتماعي-مؤشرات-الأداء-الرئيسية-kpis.html,https://www.ezhalhe-sa.com/articles/تحليل-أداء-المتجر-وحسابات-التواصل-الاجتماعي-مؤشرات-الأداء-الرئيسية-kpis.html,تحليل أداء المتجر ومؤشرات KPIs الأساسية | إزهلها,48,118,article,Article|BreadcrumbList|ImageObject|Organization|WebPage|WebSite,فريق إزهلها
articles/تدريب-سلة-كيف-تتقن-إدارة-متجرك-وتحقق-أقصى-استفادة-من-المنصة.html,https://www.ezhalhe-sa.com/articles/تدريب-سلة-كيف-تتقن-إدارة-متجرك-وتحقق-أقصى-استفادة-من-المنصة.html,تدريب سلة: كيف تتقن إدارة متجرك وتحقق أقصى استفادة من المنصة؟,61,164,article,Article|BreadcrumbList|ImageObject|Organization|WebPage|WebSite,فريق إزهلها
articles/تصميم-تجربة-المستخدم-ux-في-متجرك-الإلكتروني-خطوات-التنفيذ.html,https://www.ezhalhe-sa.com/articles/تصميم-تجربة-المستخدم-ux-في-متجرك-الإلكتروني-خطوات-التنفيذ.html,تصميم تجربة المستخدم (UX) في متجرك الإلكتروني: خطوات التنفيذ.,61,164,article,Article|BreadcrumbList|ImageObject|Organization|WebPage|WebSite,فريق إزهلها
articles/تصميم-متجر-إلكتروني-متوافق-مع-الجوال-mobile-first-design-على-زد.html,https://www.ezhalhe-sa.com/articles/تصميم-متجر-إلكتروني-متوافق-مع-الجوال-mobile-first-design-على-زد.html,تصميم متجر زد متوافق مع الجوال Mobile First | إزهلها,52,168,article,Article|BreadcrumbList|ImageObject|Organization|WebPage|WebSite,فريق إزهلها
articles/تصميم-متجر-احترافي-استراتيجيات-لتمييز-متجرك-عن-المنافسين.html,https://www.ezhalhe-sa.com/articles/تصميم-متجر-احترافي-استراتيجيات-لتمييز-متجرك-عن-المنافسين.html,تصميم متجر احترافي: استراتيجيات لتمييز متجرك عن المنافسين.,58,161,article,Article|BreadcrumbList|ImageObject|Organization|WebPage|WebSite,فريق إزهلها
articles/تفعيل-بكسلات-التحويل-فيسبوك-سناب-شات-لتحسين-الحملات-الإعلانية.html,https://www.ezhalhe-sa.com/articles/تفعيل-بكسلات-التحويل-فيسبوك-سناب-شات-لتحسين-الحملات-الإعلانية.html,تفعيل بكسلات التحويل (فيسبوك، سناب شات) لتحسين الحملات الإعلانية.,65,167,article,Article|BreadcrumbList|ImageObject|Organization|WebPage|WebSite,فريق إزهلها
articles/تفعيل-تابي-وتمارا-دليل-للامتثال-لشروط-الخدمة.html,https://www.ezhalhe-sa.com/articles/تفعيل-تابي-وتمارا-دليل-للامتثال-لشروط-الخدمة.html,تفعيل تابي وتمارا: دليل للامتثال لشروط الخدمة.,46,149,article,Article|BreadcrumbList|ImageObject|Organization|WebPage|WebSite,فريق إزهلها
articles/توثيق-المتجر-الاحترافي-متطلبات-إضافية-لزيادة-الموثوقية.html,https://www.ezhalhe-sa.com/articles/توثيق-المتجر-الاحترافي-متطلبات-إضافية-لزيادة-الموثوقية.html,توثيق المتجر الاحترافي: متطلبات إضافية لزيادة الموثوقية.,56,159,article,Article|BreadcrumbList|ImageObject|Organization|WebPage|WebSite,فريق إزهلها
articles/توثيق-المتجر-في-سلة-دليل-لتجنب-الأخطاء-الشائعة.html,https://www.ezhalhe-sa.com/articles/توثيق-المتجر-في-سلة-دليل-لتجنب-الأخطاء-الشائعة.html,توثيق المتجر في سلة: دليل لتجنب الأخطاء الشائعة.,48,151,article,Article|BreadcrumbList|ImageObject|Organization|WebPage|WebSite,فريق إزهلها
articles/توثيق-منصة-الأعمال-دليل-لتجنب-الرفض-وتسريع-الإجراءات.html,https://www.ezhalhe-sa.com/articles/توثيق-منصة-الأعمال-دليل-لتجنب-الرفض-وتسريع-الإجراءات.html,توثيق منصة الأعمال: دليل لتجنب الرفض وتسريع الإجراءات.,54,157,article,Article|BreadcrumbList|ImageObject|Organization|WebPage|WebSite,فريق إزهلها
articles/توثيق-منصة-الأعمال-ضمان-حقوق-التاجر-والمستهلك.html,https://www.ezhalhe-sa.com/articles/توثيق-منصة-الأعمال-ضمان-حقوق-التاجر-والمستهلك.html,توثيق منصة الأعمال: ضمان حقوق التاجر والمستهلك.,47,150,article,Article|BreadcrumbList|ImageObject|Organization|WebPage|WebSite,فريق إزهلها
articles/حلول-الدفع-الآمنة-كيف-تحمي-متجرك-وعملائك.html,https://www.ezhalhe-sa.com/articles/حلول-الدفع-الآمنة-كيف-تحمي-متجرك-وعملائك.html,حلول الدفع الآمنة: كيف تحمي متجرك وعملائك؟,42,145,article,Article|BreadcrumbList|ImageObject|Organization|WebPage|WebSite,فريق إزهلها
articles/خدمات-الإدارة-الاحترافية-للحملات-الإعلانية-تحقيق-أفضل-النتائج.html,https://www.ezhalhe-sa.com/articles/خدمات-الإدارة-الاحترافية-للحملات-الإعلانية-تحقيق-أفضل-النتائج.html,خدمات الإدارة الاحترافية للحملات الإعلانية: تحقيق أفضل النتائج.,63,166,article,Article|BreadcrumbList|ImageObject|Organization|WebPage|WebSite,فريق إزهلها
articles/خدمات-الإدارة-المتكاملة-للمتجر-والتسويق-الرقمي-ما-الذي-تقدمه.html,https://www.ezhalhe-sa.com/articles/خدمات-الإدارة-المتكاملة-للمتجر-والتسويق-الرقمي-ما-الذي-تقدمه.html,خدمات الإدارة المتكاملة للمتجر والتسويق الرقمي: ما الذي تقدمه؟,62,165,article,Article|BreadcrumbList|ImageObject|Organization|WebPage|WebSite,فريق إزهلها
articles/خدمات-الدعم-الفني-لتوثيق-متجرك-في-منصة-الأعمال.html,https://www.ezhalhe-sa.com/articles/خدمات-الدعم-الفني-لتوثيق-متجرك-في-منصة-الأعمال.html,خدمات الدعم الفني لتوثيق متجرك في منصة الأعمال.,47,149,article,Article|BreadcrumbList|ImageObject|Organization|WebPage|WebSite,فريق إزهلها
articles/خدمات-المساعدة-في-استخراج-وثيقة-العمل-الحر-توفير-الوقت-والجهد.html,https://www.ezhalhe-sa.com/articles/خدمات-المساعدة-في-استخراج-وثيقة-العمل-الحر-توفير-الوقت-والجهد.html,خدمات المساعدة في استخراج وثيقة العمل الحر: توفير الوقت والجهد.,63,166,article,Article|BreadcrumbList|ImageObject|Organization|WebPage|WebSite,فريق إزهلها
articles/خدمات-المساعدة-في-تفعيل-بوابات-الدفع-ضمان-التكامل-السريع.html,https://www.ezhalhe-sa.com/articles/خدمات-المساعدة-في-تفعيل-بوابات-الدفع-ضمان-التكامل-السريع.html,خدمات المساعدة في تفعيل بوابات الدفع: ضمان التكامل السريع.,58,161,article,Article|BreadcrumbList|ImageObject|Organization|WebPage|WebSite,فريق إزهلها
articles/خدمات-المساعدة-في-تفعيل-تابي-وتمارا-ضمان-القبول-السريع.html,https://www.ezhalhe-sa.com/articles/خدمات-المساعدة-في-تفعيل-تابي-وتمارا-ضمان-القبول-السريع.html,خدمات المساعدة في تفعيل تابي وتمارا: تقليل احتمالات التأخير.,60,163,article,Article|BreadcrumbList|ImageObject|Organization|WebPage|WebSite,فريق إزهلها
articles/خدمات-المساعدة-في-توثيق-متجرك-على-سلة-ضمان-القبول-السريع.html,https://www.ezhalhe-sa.com/articles/خدمات-المساعدة-في-توثيق-متجرك-على-سلة-ضمان-القبول-السريع.html,خدمات المساعدة في توثيق متجرك على سلة: تقليل احتمالات التأخير.,62,165,article,Article|BreadcrumbList|ImageObject|Organization|WebPage|WebSite,فريق إزهلها
articles/خطوات-التسجيل-وتفعيل-بوابة-الدفع-ميس-mees-على-متجرك.html,https://www.ezhalhe-sa.com/articles/خطوات-التسجيل-وتفعيل-بوابة-الدفع-ميس-mees-على-متجرك.html,خطوات التسجيل وتفعيل بوابة الدفع ميس (MeeS) على متجرك.,54,156,article,Article|BreadcrumbList|ImageObject|Organization|WebPage|WebSite,فريق إزهلها
articles/خطوات-فتح-حساب-بنكي-إلكتروني-للأفراد-والمؤسسات.html,https://www.ezhalhe-sa.com/articles/خطوات-فتح-حساب-بنكي-إلكتروني-للأفراد-والمؤسسات.html,خطوات فتح حساب بنكي إلكتروني للأفراد والمؤسسات.,47,149,article,Article|BreadcrumbList|ImageObject|Organization|WebPage|WebSite,فريق إزهلها
articles/دليل-تفعيل-بوابة-الدفع-مدفوع-madfou-للمتاجر-الناشئة.html,https://www.ezhalhe-sa.com/articles/دليل-تفعيل-بوابة-الدفع-مدفوع-madfou-للمتاجر-الناشئة.html,دليل تفعيل بوابة الدفع مدفوع (Madfou) للمتاجر الناشئة.,54,156,article,Article|BreadcrumbList|ImageObject|Organization|WebPage|WebSite,فريق إزهلها
articles/دليل-تفعيل-تابي-وتمارا-للمتاجر-التي-تعمل-بدون-سجل-تجاري.html,https://www.ezhalhe-sa.com/articles/دليل-تفعيل-تابي-وتمارا-للمتاجر-التي-تعمل-بدون-سجل-تجاري.html,دليل تفعيل تابي وتمارا للمتاجر التي تعمل بدون سجل تجاري.,56,158,article,Article|BreadcrumbList|ImageObject|Organization|WebPage|WebSite,فريق إزهلها
articles/دور-الهوية-البصرية-في-نجاح-متجرك-الإلكتروني-الاحترافي.html,https://www.ezhalhe-sa.com/articles/دور-الهوية-البصرية-في-نجاح-متجرك-الإلكتروني-الاحترافي.html,دور الهوية البصرية في نجاح متجرك الإلكتروني الاحترافي.,54,156,article,Article|BreadcrumbList|ImageObject|Organization|WebPage|WebSite,فريق إزهلها
articles/دور-تحسين-seo-في-دعم-أداء-حملاتك-الإعلانية.html,https://www.ezhalhe-sa.com/articles/دور-تحسين-seo-في-دعم-أداء-حملاتك-الإعلانية.html,دور تحسين SEO في دعم أداء حملاتك الإعلانية.,43,145,article,Article|BreadcrumbList|ImageObject|Organization|WebPage|WebSite,فريق إزهلها
articles/دور-تخصيص-css-في-تصميم-متجر-سلة-احترافي-ومميز.html,https://www.ezhalhe-sa.com/articles/دور-تخصيص-css-في-تصميم-متجر-سلة-احترافي-ومميز.html,دور تخصيص CSS في تصميم متجر سلة احترافي ومميز.,46,148,article,Article|BreadcrumbList|ImageObject|Organization|WebPage|WebSite,فريق إزهلها
articles/ربط-متجرك-بـ-google-merchant-center-خطوات-لزيادة-الظهور.html,https://www.ezhalhe-sa.com/articles/ربط-متجرك-بـ-google-merchant-center-خطوات-لزيادة-الظهور.html,ربط متجرك بـ Google Merchant Center: خطوات لزيادة الظهور.,57,160,article,Article|BreadcrumbList|ImageObject|Organization|WebPage|WebSite,فريق إزهلها
articles/عناصر-التصميم-التي-تزيد-من-معدل-التحويل-في-المتاجر-الإلكترونية.html,https://www.ezhalhe-sa.com/articles/عناصر-التصميم-التي-تزيد-من-معدل-التحويل-في-المتاجر-الإلكترونية.html,عناصر التصميم التي تزيد من معدل التحويل في المتاجر الإلكترونية.,63,165,article,Article|BreadcrumbList|ImageObject|Organization|WebPage|WebSite,فريق إزهلها
articles/فتح-حساب-بنكي-للمشاريع-الناشئة-دليل-خطوة-بخطوة.html,https://www.ezhalhe-sa.com/articles/فتح-حساب-بنكي-للمشاريع-الناشئة-دليل-خطوة-بخطوة.html,فتح حساب بنكي للمشاريع الناشئة: دليل خطوة بخطوة.,48,151,article,Article|BreadcrumbList|ImageObject|Organization|WebPage|WebSite,فريق إزهلها
articles/كيف-تختار-قالب-متجر-زد-المناسب-لمنتجاتك-دليل-عملي.html,https://www.ezhalhe-sa.com/articles/كيف-تختار-قالب-متجر-زد-المناسب-لمنتجاتك-دليل-عملي.html,كيف تختار قالب متجر زد المناسب لمنتجاتك؟ دليل عملي.,51,153,article,Article|BreadcrumbList|ImageObject|Organization|WebPage|WebSite,فريق إزهلها
articles/كيف-تخطط-لحملة-إعلانية-ناجحة-لمتجرك-الإلكتروني.html,https://www.ezhalhe-sa.com/articles/كيف-تخطط-لحملة-إعلانية-ناجحة-لمتجرك-الإلكتروني.html,كيف تخطط لحملة إعلانية ناجحة لمتجرك الإلكتروني؟,47,149,article,Article|BreadcrumbList|ImageObject|Organization|WebPage|WebSite,فريق إزهلها
articles/كيف-تساعد-وثيقة-العمل-الحر-في-توثيق-متجرك-على-منصتي-سلة-وزد.html,https://www.ezhalhe-sa.com/articles/كيف-تساعد-وثيقة-العمل-الحر-في-توثيق-متجرك-على-منصتي-سلة-وزد.html,كيف تساعد وثيقة العمل الحر في توثيق متجرك على منصتي سلة وزد؟,60,162,article,Article|BreadcrumbList|ImageObject|Organization|WebPage|WebSite,فريق إزهلها
articles/كيف-تضمن-إدارة-متجرك-الإلكتروني-بكفاءة-عالية-لمدة-شهر.html,https://www.ezhalhe-sa.com/articles/كيف-تضمن-إدارة-متجرك-الإلكتروني-بكفاءة-عالية-لمدة-شهر.html,كيف تضمن إدارة متجرك الإلكتروني بكفاءة عالية لمدة شهر؟,54,156,article,Article|BreadcrumbList|ImageObject|Organization|WebPage|WebSite,فريق إزهلها
articles/كيف-يؤثر-الدفع-الآجل-على-سلة-المشتريات-وقيمة-الطلب-المتوسطة.html,https://www.ezhalhe-sa.com/articles/كيف-يؤثر-الدفع-الآجل-على-سلة-المشتريات-وقيمة-الطلب-المتوسطة.html,كيف يؤثر الدفع الآجل على سلة المشتريات وقيمة الطلب المتوسطة؟,60,162,article,Article|BreadcrumbList|ImageObject|Organization|WebPage|WebSite,فريق إزهلها
articles/كيف-يؤثر-توثيق-المتجر-على-تحسين-محركات-البحث-seo-لمتجرك.html,https://www.ezhalhe-sa.com/articles/كيف-يؤثر-توثيق-المتجر-على-تحسين-محركات-البحث-seo-لمتجرك.html,كيف يؤثر توثيق المتجر على تحسين محركات البحث (SEO) لمتجرك؟,58,160,article,Article|BreadcrumbList|ImageObject|Organization|WebPage|WebSite,فريق إزهلها
articles/كيف-يؤثر-توثيق-منصة-الأعمال-على-التعاملات-المالية-والحساب-البنكي.html,https://www.ezhalhe-sa.com/articles/كيف-يؤثر-توثيق-منصة-الأعمال-على-التعاملات-المالية-والحساب-البنكي.html,كيف يؤثر توثيق منصة الأعمال على التعاملات المالية والحساب البنكي؟,65,167,article,Article|BreadcrumbList|ImageObject|Organization|WebPage|WebSite,فريق إزهلها
articles/كيف-يسهل-الحساب-البنكي-التجاري-عملية-توثيق-متجرك-الإلكتروني.html,https://www.ezhalhe-sa.com/articles/كيف-يسهل-الحساب-البنكي-التجاري-عملية-توثيق-متجرك-الإلكتروني.html,كيف يسهل الحساب البنكي التجاري عملية توثيق متجرك الإلكتروني؟,60,162,article,Article|BreadcrumbList|ImageObject|Organization|WebPage|WebSite,فريق إزهلها
articles/كيفية-تجديد-وثيقة-العمل-الحر-وتعديل-بياناتها.html,https://www.ezhalhe-sa.com/articles/كيفية-تجديد-وثيقة-العمل-الحر-وتعديل-بياناتها.html,كيفية تجديد وثيقة العمل الحر وتعديل بياناتها.,45,147,article,Article|BreadcrumbList|ImageObject|Organization|WebPage|WebSite,فريق إزهلها
articles/كيفية-تصميم-متجر-إلكتروني-احترافي-على-منصة-سلة-وزد.html,https://www.ezhalhe-sa.com/articles/كيفية-تصميم-متجر-إلكتروني-احترافي-على-منصة-سلة-وزد.html,كيفية تصميم متجر إلكتروني احترافي على منصة سلة وزد | دليل شامل,62,123,article,Article|BreadcrumbList|ImageObject|Organization|WebPage|WebSite,فريق إزهلها
articles/كيفية-ربط-بوابة-الدفع-إمكان-imkan-بمتجرك-على-سلة-أو-زد.html,https://www.ezhalhe-sa.com/articles/كيفية-ربط-بوابة-الدفع-إمكان-imkan-بمتجرك-على-سلة-أو-زد.html,كيفية ربط بوابة الدفع إمكان (Imkan) بمتجرك على سلة أو زد.,57,159,article,Article|BreadcrumbList|ImageObject|Organization|WebPage|WebSite,فريق إزهلها
articles/ما-هي-وثيقة-العمل-الحر-وأهميتها-لأصحاب-المتاجر-الإلكترونية.html,https://www.ezhalhe-sa.com/articles/ما-هي-وثيقة-العمل-الحر-وأهميتها-لأصحاب-المتاجر-الإلكترونية.html,ما هي وثيقة العمل الحر؟ وأهميتها لأصحاب المتاجر الإلكترونية.,60,162,article,Article|BreadcrumbList|ImageObject|Organization|WebPage|WebSite,فريق إزهلها
articles/متطلبات-التوثيق-للمتاجر-التي-تعمل-على-منصات-سلة-وزد.html,https://www.ezhalhe-sa.com/articles/متطلبات-التوثيق-للمتاجر-التي-تعمل-على-منصات-سلة-وزد.html,متطلبات التوثيق للمتاجر التي تعمل على منصات سلة وزد.,52,154,article,Article|BreadcrumbList|ImageObject|Organization|WebPage|WebSite,فريق إزهلها
articles/مقارنة-بين-إجراءات-فتح-حساب-بنكي-تجاري-في-الراجحي-والإنماء.html,https://www.ezhalhe-sa.com/articles/مقارنة-بين-إجراءات-فتح-حساب-بنكي-تجاري-في-الراجحي-والإنماء.html,مقارنة بين إجراءات فتح حساب بنكي تجاري في الراجحي والإنماء.,59,161,article,Article|BreadcrumbList|ImageObject|Organization|WebPage|WebSite,فريق إزهلها
articles/مقارنة-بين-بوابات-الدفع-الإلكتروني-ميس-مدفوع-وإمكان.html,https://www.ezhalhe-sa.com/articles/مقارنة-بين-بوابات-الدفع-الإلكتروني-ميس-مدفوع-وإمكان.html,مقارنة بين بوابات الدفع الإلكتروني: ميس، مدفوع، وإمكان.,55,158,article,Article|BreadcrumbList|ImageObject|Organization|WebPage|WebSite,فريق إزهلها
articles/مقارنة-بين-منصات-الإعلان-الرئيسية-جوجل-فيسبوك-سناب-شات.html,https://www.ezhalhe-sa.com/articles/مقارنة-بين-منصات-الإعلان-الرئيسية-جوجل-فيسبوك-سناب-شات.html,مقارنة بين منصات الإعلان الرئيسية: جوجل، فيسبوك، سناب شات.,58,161,article,Article|BreadcrumbList|ImageObject|Organization|WebPage|WebSite,فريق إزهلها
articles/مقارنة-شاملة-بين-باقات-تصميم-متجر-سلة-بيسك-بلس-برو-ذهبية.html,https://www.ezhalhe-sa.com/articles/مقارنة-شاملة-بين-باقات-تصميم-متجر-سلة-بيسك-بلس-برو-ذهبية.html,مقارنة شاملة بين باقات تصميم متجر سلة: بيسك، بلس، برو، ذهبية.,61,164,article,Article|BreadcrumbList|ImageObject|Organization|WebPage|WebSite,فريق إزهلها
articles/نصائح-لتسريع-عملية-الموافقة-على-فتح-حساب-بنكي-للأعمال.html,https://www.ezhalhe-sa.com/articles/نصائح-لتسريع-عملية-الموافقة-على-فتح-حساب-بنكي-للأعمال.html,نصائح لتسريع عملية الموافقة على فتح حساب بنكي للأعمال.,54,156,article,Article|BreadcrumbList|ImageObject|Organization|WebPage|WebSite,فريق إزهلها
articles/وثيقة-العمل-الحر-دليل-لتحديد-النشاط-المناسب-لمتجرك.html,https://www.ezhalhe-sa.com/articles/وثيقة-العمل-الحر-دليل-لتحديد-النشاط-المناسب-لمتجرك.html,وثيقة العمل الحر: دليل لتحديد النشاط المناسب لمتجرك.,52,155,article,Article|BreadcrumbList|ImageObject|Organization|WebPage|WebSite,فريق إزهلها
articles/وثيقة-العمل-الحر-والالتزامات-الضريبية-ما-يجب-أن-تعرفه.html,https://www.ezhalhe-sa.com/articles/وثيقة-العمل-الحر-والالتزامات-الضريبية-ما-يجب-أن-تعرفه.html,وثيقة العمل الحر والالتزامات الضريبية: ما يجب أن تعرفه.,55,158,article,Article|BreadcrumbList|ImageObject|Organization|WebPage|WebSite,فريق إزهلها
articles.html,https://www.ezhalhe-sa.com/articles.html,الصفحة الرئيسية - مقالات وخدمات التسويق,39,119,website,BreadcrumbList|CollectionPage|ImageObject|Organization|WebSite,إزهلها
blog.html,https://www.ezhalhe-sa.com/blog.html,مقالاتنا - تصميم المتاجر الإلكترونية,36,117,website,BreadcrumbList|CollectionPage|ImageObject|Organization|WebSite,إزهلها
brand-building.html,https://www.ezhalhe-sa.com/brand-building.html,بناء العلامة التجارية: استراتيجيات مبتكرة,41,124,website,BreadcrumbList|ImageObject|Organization|Service|WebPage|WebSite,إزهلها
competitor-analysis.html,https://www.ezhalhe-sa.com/competitor-analysis.html,تحليل المنافسين: كيف تتفوق,26,121,website,BreadcrumbList|ImageObject|Organization|Service|WebPage|WebSite,إزهلها
digital-ads.html,https://www.ezhalhe-sa.com/digital-ads.html,الإعلانات الرقمية: تحقيق النتائج,32,125,website,BreadcrumbList|ImageObject|Organization|Service|WebPage|WebSite,إزهلها
discount-salla-plus.html,https://www.ezhalhe-sa.com/discount-salla-plus.html,كود خصم سلة بلس 2026 | كوبون خصم باقة بلس سلة الحصري F-SJA3KGL7,63,121,website,BreadcrumbList|ImageObject|Organization|WebPage|WebSite,إزهلها
discount-salla-pro.html,https://www.ezhalhe-sa.com/discount-salla-pro.html,كود خصم سلة برو 2026 | كوبون خصم باقة برو سلة الحصري F-SJA3KGL7,63,116,website,BreadcrumbList|ImageObject|Organization|WebPage|WebSite,إزهلها
index.html,https://www.ezhalhe-sa.com/,تصميم متجر سلة وزد | إنشاء متجر إلكتروني احترافي — إزهلها,57,122,website,ImageObject|ItemList|Organization|Service|WebPage|WebSite,إزهلها
product-marketing.html,https://www.ezhalhe-sa.com/product-marketing.html,تسويق المنتجات: استراتيجيات فعالة,33,104,website,BreadcrumbList|ImageObject|Organization|Service|WebPage|WebSite,إزهلها
salla-store-design-dammam.html,https://www.ezhalhe-sa.com/salla-store-design-dammam.html,تصميم متجر سلة في الدمام | إزهلها,33,146,website,BreadcrumbList|ImageObject|Organization|Service|WebPage|WebSite,إزهلها
salla-store-design-jeddah.html,https://www.ezhalhe-sa.com/salla-store-design-jeddah.html,تصميم متجر سلة جدة 2026 | مصمم متجر إلكتروني في جدة — إزهلها,60,140,website,BreadcrumbList|ImageObject|Organization|Service|WebPage|WebSite,إزهلها
salla-store-design-makkah.html,https://www.ezhalhe-sa.com/salla-store-design-makkah.html,تصميم متجر سلة في مكة | إزهلها,30,148,website,BreadcrumbList|ImageObject|Organization|Service|WebPage|WebSite,إزهلها
salla-store-design-riyadh.html,https://www.ezhalhe-sa.com/salla-store-design-riyadh.html,تصميم متجر سلة في الرياض | إزهلها,33,146,website,BreadcrumbList|ImageObject|Organization|Service|WebPage|WebSite,إزهلها
salla-store-design.html,https://www.ezhalhe-sa.com/salla-store-design.html,تصميم متجر سلة احترافي 2026 | إنشاء متجر إلكتروني سلة — إزهلها,62,150,website,BreadcrumbList|ImageObject|Organization|Service|WebPage|WebSite,إزهلها
search-engine-optimization.html,https://www.ezhalhe-sa.com/search-engine-optimization.html,تهيئة متجر للسيو | SEO لمتجر سلة ومتجر زد,41,104,website,BreadcrumbList|ImageObject|Organization|Service|WebPage|WebSite,إزهلها
secure-payments.html,https://www.ezhalhe-sa.com/secure-payments.html,مدفوعات آمنة: كيفية التفعيل,27,121,website,BreadcrumbList|ImageObject|Organization|Service|WebPage|WebSite,إزهلها
store-verification.html,https://www.ezhalhe-sa.com/store-verification.html,توثيق المتجرات: دليل شامل,25,115,website,BreadcrumbList|ImageObject|Organization|Service|WebPage|WebSite,إزهلها
zid-store-design.html,https://www.ezhalhe-sa.com/zid-store-design.html,تصميم متجر زد احترافي 2026 | إنشاء متجر إلكتروني زد — إزهلها,60,161,website,BreadcrumbList|ImageObject|Organization|Service|WebPage|WebSite,إزهلها
