file,change,topic,official_sources
brand-building.html,expanded authority service page,service authority,1
competitor-analysis.html,expanded authority service page,service authority,1
data-analysis.html,expanded authority service page,service authority,1
digital-ads.html,expanded authority service page,service authority,1
product-marketing.html,expanded authority service page,service authority,1
search-engine-optimization.html,expanded authority service page,service authority,1
secure-payments.html,expanded authority service page,service authority,1
store-verification.html,expanded authority service page,service authority,1
articles/أخطاء-شائعة-في-تصميم-المتاجر-الإلكترونية-وكيفية-تجنبها.html,"added authorship, review date, official references, and HTML cleanup",المنصة وتجربة المتجر,1
articles/أدوات-وتقنيات-تسهل-عليك-إدارة-متجرك-الإلكتروني-اليومية.html,"added authorship, review date, official references, and HTML cleanup",التجارة الإلكترونية,1
articles/أسرار-تصميم-صفحات-المنتجات-الجذابة-على-منصة-سلة.html,"added authorship, review date, official references, and HTML cleanup",المنصة وتجربة المتجر,1
articles/أهمية-التخطيط-للمحتوى-في-إدارة-المتجر-وحسابات-السوشيال-ميديا.html,"added authorship, review date, official references, and HTML cleanup",التجارة الإلكترونية,1
articles/أهمية-التصميم-الاحترافي-لمتجرك-على-سلة-زيادة-المبيعات-والثقة.html,"added authorship, review date, official references, and HTML cleanup",المنصة وتجربة المتجر,1
articles/أهمية-تتبع-التحويلات-في-الحملات-الإعلانية-قياس-العائد-على-الاستثمار-roi.html,"added authorship, review date, official references, and HTML cleanup",القياس والظهور,1
articles/أهمية-تفعيل-بوابات-دفع-متعددة-لمتجرك-الإلكتروني.html,"added authorship, review date, official references, and HTML cleanup",الدفع والفوترة,1
articles/أهمية-تفعيل-خدمات-الدفع-الآجل-تابي-وتمارا-لزيادة-مبيعات-متجرك.html,"added authorship, review date, official references, and HTML cleanup",الدفع والفوترة,1
articles/أهمية-توثيق-متجرك-عبر-منصة-الأعمال-لضمان-الامتثال-القانوني.html,"added authorship, review date, official references, and HTML cleanup",المتطلبات النظامية,1
articles/أهمية-توثيق-متجرك-في-سلة-بناء-الثقة-والمصداقية.html,"added authorship, review date, official references, and HTML cleanup",المتطلبات النظامية,1
articles/أهمية-ربط-google-analytics-4-بمتجرك-الإلكتروني-لتحليل-الأداء.html,"added authorship, review date, official references, and HTML cleanup",القياس والظهور,1
articles/أهمية-فتح-حساب-بنكي-تجاري-لمتجرك-الإلكتروني.html,"added authorship, review date, official references, and HTML cleanup",المتطلبات النظامية,1
articles/إدارة-التدفقات-النقدية-لمتجرك-عبر-الحساب-البنكي-التجاري.html,"added authorship, review date, official references, and HTML cleanup",التجارة الإلكترونية,1
articles/إدارة-المخزون-والطلبات-في-متجرك-الإلكتروني-دليل-المبتدئين.html,"added authorship, review date, official references, and HTML cleanup",التجارة الإلكترونية,1
articles/إدارة-خدمة-العملاء-عبر-التواصل-الاجتماعي-نصائح-لرضا-العميل.html,"added authorship, review date, official references, and HTML cleanup",التجارة الإلكترونية,1
articles/إعداد-حملات-إعادة-الاستهداف-retargeting-باستخدام-البكسلات.html,"added authorship, review date, official references, and HTML cleanup",القياس والظهور,1
articles/اختيار-الدومين-المناسب-لمتجرك-الإلكتروني-نصائح-واستراتيجيات.html,"added authorship, review date, official references, and HTML cleanup",التجارة الإلكترونية,1
articles/استخدام-linktree-أو-بدائله-لتحسين-الروابط-في-حسابات-التواصل-الاجتماعي.html,"added authorship, review date, official references, and HTML cleanup",القياس والظهور,1
articles/استخدام-واتساب-للأعمال-في-خدمة-العملاء-والتسويق-لمتجرك.html,"added authorship, review date, official references, and HTML cleanup",التجارة الإلكترونية,1
articles/استراتيجيات-إدارة-حسابات-التواصل-الاجتماعي-لمتجرك-زيادة-التفاعل-والمبيعات.html,"added authorship, review date, official references, and HTML cleanup",التجارة الإلكترونية,1
articles/استراتيجيات-استهداف-الجمهور-في-الحملات-الإعلانية-لزيادة-المبيعات.html,"added authorship, review date, official references, and HTML cleanup",القياس والظهور,1
articles/الأخطاء-الشائعة-في-إعداد-الحملات-الإعلانية-وكيفية-تجنبها.html,"added authorship, review date, official references, and HTML cleanup",القياس والظهور,1
articles/التحديات-الشائعة-في-إدارة-المتاجر-الإلكترونية-وحلولها.html,"added authorship, review date, official references, and HTML cleanup",التجارة الإلكترونية,1
articles/التحديات-الشائعة-في-تفعيل-تابي-وتمارا-وكيفية-تجاوزها.html,"added authorship, review date, official references, and HTML cleanup",الدفع والفوترة,1
articles/الخدمات-الأساسية-المتكاملة-لنجاح-متجرك-الإلكتروني-قائمة-مرجعية.html,"added authorship, review date, official references, and HTML cleanup",التجارة الإلكترونية,1
articles/الخدمات-المصرفية-الرقمية-المتاحة-لأصحاب-المتاجر-في-الراجحي-والإنماء.html,"added authorship, review date, official references, and HTML cleanup",الدفع والفوترة,1
articles/الخطوات-الأساسية-لربط-متجرك-الإلكتروني-بمنصة-الأعمال.html,"added authorship, review date, official references, and HTML cleanup",المتطلبات النظامية,1
articles/الخطوات-التفصيلية-لاستخراج-وثيقة-العمل-الحر-عبر-الإنترنت.html,"added authorship, review date, official references, and HTML cleanup",المتطلبات النظامية,1
articles/الخطوات-التفصيلية-لتوثيق-المتجر-في-منصة-سلة-بنجاح.html,"added authorship, review date, official references, and HTML cleanup",المتطلبات النظامية,1
articles/الخطوات-التفصيلية-لربط-خدمة-تمارا-بمتجرك-الإلكتروني-على-سلة-أو-زد.html,"added authorship, review date, official references, and HTML cleanup",الدفع والفوترة,1
articles/الدليل-الشامل-لإعداد-وربط-البكسلات-التحويلية-فيسبوك-سناب-شات-تيك-توك.html,"added authorship, review date, official references, and HTML cleanup",القياس والظهور,1
articles/الرسوم-والعمولات-مقارنة-تكاليف-استخدام-ميس-مدفوع-وإمكان.html,"added authorship, review date, official references, and HTML cleanup",الدفع والفوترة,1
articles/الشروط-والمتطلبات-الأساسية-لاستخراج-وثيقة-العمل-الحر.html,"added authorship, review date, official references, and HTML cleanup",المتطلبات النظامية,1
articles/الشروط-والمتطلبات-الأساسية-لتفعيل-تابي-للأعمال.html,"added authorship, review date, official references, and HTML cleanup",الدفع والفوترة,1
articles/الشروط-والمتطلبات-الفنية-لتفعيل-بوابات-الدفع-الإلكتروني.html,"added authorship, review date, official references, and HTML cleanup",الدفع والفوترة,1
articles/العلاقة-بين-توثيق-منصة-الأعمال-وتفعيل-بوابات-الدفع-الإلكتروني.html,"added authorship, review date, official references, and HTML cleanup",المتطلبات النظامية,1
articles/العلاقة-بين-وثيقة-العمل-الحر-وتوثيق-المتجر-في-سلة.html,"added authorship, review date, official references, and HTML cleanup",المتطلبات النظامية,1
articles/الفرق-بين-الحساب-البنكي-الشخصي-والحساب-البنكي-التجاري-للمتجر.html,"added authorship, review date, official references, and HTML cleanup",التجارة الإلكترونية,1
articles/الفرق-بين-وثيقة-العمل-الحر-والسجل-التجاري-للمتجر-الإلكتروني.html,"added authorship, review date, official references, and HTML cleanup",المتطلبات النظامية,1
articles/الفوائد-الأمنية-لتوثيق-متجرك-عبر-منصة-الأعمال.html,"added authorship, review date, official references, and HTML cleanup",المتطلبات النظامية,1
articles/الفوائد-القانونية-والتجارية-لتوثيق-متجرك-الإلكتروني.html,"added authorship, review date, official references, and HTML cleanup",المتطلبات النظامية,1
articles/المدة-الزمنية-المتوقعة-لإنهاء-إجراءات-توثيق-متجر-سلة.html,"added authorship, review date, official references, and HTML cleanup",المتطلبات النظامية,1
articles/المزايا-والحوافز-التي-تقدمها-وثيقة-العمل-الحر-لحامليها.html,"added authorship, review date, official references, and HTML cleanup",المتطلبات النظامية,1
articles/الوثائق-المطلوبة-لتوثيق-متجر-إلكتروني-في-منصة-الأعمال.html,"added authorship, review date, official references, and HTML cleanup",المتطلبات النظامية,1
articles/الوثائق-المطلوبة-لفتح-حساب-بنكي-للأعمال-في-المملكة-العربية-السعودية.html,"added authorship, review date, official references, and HTML cleanup",المتطلبات النظامية,1
articles/الوثائق-والمتطلبات-الأساسية-لعملية-توثيق-متجر-سلة.html,"added authorship, review date, official references, and HTML cleanup",المتطلبات النظامية,1
articles/بناء-مجتمع-حول-متجرك-الإلكتروني-عبر-استراتيجيات-التواصل-الاجتماعي.html,"added authorship, review date, official references, and HTML cleanup",التجارة الإلكترونية,1
articles/بوابات-الدفع-وتأثيرها-على-تجربة-المستخدم-ومعدل-التحويل.html,"added authorship, review date, official references, and HTML cleanup",الدفع والفوترة,1
articles/تابي-وتمارا-مقارنة-بين-المزايا-والرسوم-لأصحاب-المتاجر.html,"added authorship, review date, official references, and HTML cleanup",الدفع والفوترة,1
articles/تجربة-العميل-مع-الدفع-الآجل-نصائح-لتحسينها.html,"added authorship, review date, official references, and HTML cleanup",الدفع والفوترة,1
articles/تحسين-seo-للمتاجر-الإلكترونية-على-سلة-دليل-شامل-للبداية.html,"added authorship, review date, official references, and HTML cleanup",القياس والظهور,1
articles/تحسين-إعلاناتك-باستخدام-بيانات-البكسلات-دليل-متقدم.html,"added authorship, review date, official references, and HTML cleanup",القياس والظهور,1
articles/تحليل-أداء-المتجر-وحسابات-التواصل-الاجتماعي-مؤشرات-الأداء-الرئيسية-kpis.html,"added authorship, review date, official references, and HTML cleanup",التجارة الإلكترونية,1
articles/تدريب-سلة-كيف-تتقن-إدارة-متجرك-وتحقق-أقصى-استفادة-من-المنصة.html,"added authorship, review date, official references, and HTML cleanup",المنصة وتجربة المتجر,1
articles/تصميم-تجربة-المستخدم-ux-في-متجرك-الإلكتروني-خطوات-التنفيذ.html,"added authorship, review date, official references, and HTML cleanup",المنصة وتجربة المتجر,1
articles/تصميم-متجر-إلكتروني-متوافق-مع-الجوال-mobile-first-design-على-زد.html,"added authorship, review date, official references, and HTML cleanup",المنصة وتجربة المتجر,1
articles/تصميم-متجر-احترافي-استراتيجيات-لتمييز-متجرك-عن-المنافسين.html,"added authorship, review date, official references, and HTML cleanup",المنصة وتجربة المتجر,1
articles/تفعيل-بكسلات-التحويل-فيسبوك-سناب-شات-لتحسين-الحملات-الإعلانية.html,"added authorship, review date, official references, and HTML cleanup",القياس والظهور,1
articles/تفعيل-تابي-وتمارا-دليل-للامتثال-لشروط-الخدمة.html,"added authorship, review date, official references, and HTML cleanup",الدفع والفوترة,1
articles/توثيق-المتجر-الاحترافي-متطلبات-إضافية-لزيادة-الموثوقية.html,"added authorship, review date, official references, and HTML cleanup",المتطلبات النظامية,1
articles/توثيق-المتجر-في-سلة-دليل-لتجنب-الأخطاء-الشائعة.html,"added authorship, review date, official references, and HTML cleanup",المتطلبات النظامية,1
articles/توثيق-منصة-الأعمال-دليل-لتجنب-الرفض-وتسريع-الإجراءات.html,"added authorship, review date, official references, and HTML cleanup",المتطلبات النظامية,1
articles/توثيق-منصة-الأعمال-ضمان-حقوق-التاجر-والمستهلك.html,"added authorship, review date, official references, and HTML cleanup",المتطلبات النظامية,1
articles/حلول-الدفع-الآمنة-كيف-تحمي-متجرك-وعملائك.html,"added authorship, review date, official references, and HTML cleanup",الدفع والفوترة,1
articles/خدمات-الإدارة-الاحترافية-للحملات-الإعلانية-تحقيق-أفضل-النتائج.html,"added authorship, review date, official references, and HTML cleanup",القياس والظهور,1
articles/خدمات-الإدارة-المتكاملة-للمتجر-والتسويق-الرقمي-ما-الذي-تقدمه.html,"added authorship, review date, official references, and HTML cleanup",التجارة الإلكترونية,1
articles/خدمات-الدعم-الفني-لتوثيق-متجرك-في-منصة-الأعمال.html,"added authorship, review date, official references, and HTML cleanup",المتطلبات النظامية,1
articles/خدمات-المساعدة-في-استخراج-وثيقة-العمل-الحر-توفير-الوقت-والجهد.html,"added authorship, review date, official references, and HTML cleanup",المتطلبات النظامية,1
articles/خدمات-المساعدة-في-تفعيل-بوابات-الدفع-ضمان-التكامل-السريع.html,"added authorship, review date, official references, and HTML cleanup",الدفع والفوترة,1
articles/خدمات-المساعدة-في-تفعيل-تابي-وتمارا-ضمان-القبول-السريع.html,"added authorship, review date, official references, and HTML cleanup",الدفع والفوترة,1
articles/خدمات-المساعدة-في-توثيق-متجرك-على-سلة-ضمان-القبول-السريع.html,"added authorship, review date, official references, and HTML cleanup",المتطلبات النظامية,1
articles/خطوات-التسجيل-وتفعيل-بوابة-الدفع-ميس-mees-على-متجرك.html,"added authorship, review date, official references, and HTML cleanup",الدفع والفوترة,1
articles/خطوات-فتح-حساب-بنكي-إلكتروني-للأفراد-والمؤسسات.html,"added authorship, review date, official references, and HTML cleanup",المتطلبات النظامية,1
articles/دليل-تفعيل-بوابة-الدفع-مدفوع-madfou-للمتاجر-الناشئة.html,"added authorship, review date, official references, and HTML cleanup",الدفع والفوترة,1
articles/دليل-تفعيل-تابي-وتمارا-للمتاجر-التي-تعمل-بدون-سجل-تجاري.html,"added authorship, review date, official references, and HTML cleanup",المتطلبات النظامية,1
articles/دور-الهوية-البصرية-في-نجاح-متجرك-الإلكتروني-الاحترافي.html,"added authorship, review date, official references, and HTML cleanup",التجارة الإلكترونية,1
articles/دور-تحسين-seo-في-دعم-أداء-حملاتك-الإعلانية.html,"added authorship, review date, official references, and HTML cleanup",القياس والظهور,1
articles/دور-تخصيص-css-في-تصميم-متجر-سلة-احترافي-ومميز.html,"added authorship, review date, official references, and HTML cleanup",المنصة وتجربة المتجر,1
articles/ربط-متجرك-بـ-google-merchant-center-خطوات-لزيادة-الظهور.html,"added authorship, review date, official references, and HTML cleanup",القياس والظهور,1
articles/عناصر-التصميم-التي-تزيد-من-معدل-التحويل-في-المتاجر-الإلكترونية.html,"added authorship, review date, official references, and HTML cleanup",المنصة وتجربة المتجر,1
articles/فتح-حساب-بنكي-للمشاريع-الناشئة-دليل-خطوة-بخطوة.html,"added authorship, review date, official references, and HTML cleanup",المتطلبات النظامية,1
articles/كيف-تختار-قالب-متجر-زد-المناسب-لمنتجاتك-دليل-عملي.html,"added authorship, review date, official references, and HTML cleanup",المنصة وتجربة المتجر,1
articles/كيف-تخطط-لحملة-إعلانية-ناجحة-لمتجرك-الإلكتروني.html,"added authorship, review date, official references, and HTML cleanup",القياس والظهور,1
articles/كيف-تساعد-وثيقة-العمل-الحر-في-توثيق-متجرك-على-منصتي-سلة-وزد.html,"added authorship, review date, official references, and HTML cleanup",المتطلبات النظامية,1
articles/كيف-تضمن-إدارة-متجرك-الإلكتروني-بكفاءة-عالية-لمدة-شهر.html,"added authorship, review date, official references, and HTML cleanup",التجارة الإلكترونية,1
articles/كيف-يؤثر-الدفع-الآجل-على-سلة-المشتريات-وقيمة-الطلب-المتوسطة.html,"added authorship, review date, official references, and HTML cleanup",الدفع والفوترة,1
articles/كيف-يؤثر-توثيق-المتجر-على-تحسين-محركات-البحث-seo-لمتجرك.html,"added authorship, review date, official references, and HTML cleanup",المتطلبات النظامية,1
articles/كيف-يؤثر-توثيق-منصة-الأعمال-على-التعاملات-المالية-والحساب-البنكي.html,"added authorship, review date, official references, and HTML cleanup",المتطلبات النظامية,1
articles/كيف-يسهل-الحساب-البنكي-التجاري-عملية-توثيق-متجرك-الإلكتروني.html,"added authorship, review date, official references, and HTML cleanup",المتطلبات النظامية,1
articles/كيفية-تجديد-وثيقة-العمل-الحر-وتعديل-بياناتها.html,"added authorship, review date, official references, and HTML cleanup",المتطلبات النظامية,1
articles/كيفية-تصميم-متجر-إلكتروني-احترافي-على-منصة-سلة-وزد.html,"added authorship, review date, official references, and HTML cleanup",المنصة وتجربة المتجر,1
articles/كيفية-ربط-بوابة-الدفع-إمكان-imkan-بمتجرك-على-سلة-أو-زد.html,"added authorship, review date, official references, and HTML cleanup",الدفع والفوترة,1
articles/ما-هي-وثيقة-العمل-الحر-وأهميتها-لأصحاب-المتاجر-الإلكترونية.html,"added authorship, review date, official references, and HTML cleanup",المتطلبات النظامية,1
articles/متطلبات-التوثيق-للمتاجر-التي-تعمل-على-منصات-سلة-وزد.html,"added authorship, review date, official references, and HTML cleanup",المتطلبات النظامية,1
articles/مقارنة-بين-إجراءات-فتح-حساب-بنكي-تجاري-في-الراجحي-والإنماء.html,"added authorship, review date, official references, and HTML cleanup",المتطلبات النظامية,1
articles/مقارنة-بين-بوابات-الدفع-الإلكتروني-ميس-مدفوع-وإمكان.html,"added authorship, review date, official references, and HTML cleanup",الدفع والفوترة,1
articles/مقارنة-بين-منصات-الإعلان-الرئيسية-جوجل-فيسبوك-سناب-شات.html,"added authorship, review date, official references, and HTML cleanup",القياس والظهور,1
articles/مقارنة-شاملة-بين-باقات-تصميم-متجر-سلة-بيسك-بلس-برو-ذهبية.html,"added authorship, review date, official references, and HTML cleanup",المنصة وتجربة المتجر,1
articles/نصائح-لتسريع-عملية-الموافقة-على-فتح-حساب-بنكي-للأعمال.html,"added authorship, review date, official references, and HTML cleanup",المتطلبات النظامية,1
articles/وثيقة-العمل-الحر-دليل-لتحديد-النشاط-المناسب-لمتجرك.html,"added authorship, review date, official references, and HTML cleanup",المتطلبات النظامية,1
articles/وثيقة-العمل-الحر-والالتزامات-الضريبية-ما-يجب-أن-تعرفه.html,"added authorship, review date, official references, and HTML cleanup",المتطلبات النظامية,1
articles.html,added visible editorial methodology and official source policy,editorial trust,1
