position,loc,lastmod,changefreq,priority,duplicate_count,initial_status,final_status,final_url,redirect_count,canonical,canonical_matches_loc
1,https://ezhalhe-sa.com/,2026-06-13,weekly,1.0,1,301,200,https://www.ezhalhe-sa.com/,1,https://www.ezhalhe-sa.com/,False
2,https://ezhalhe-sa.com/blog.html,2026-06-13,weekly,0.9,1,301,200,https://www.ezhalhe-sa.com/blog.html,1,,False
3,https://ezhalhe-sa.com/articles.html,2026-06-13,weekly,0.9,1,301,200,https://www.ezhalhe-sa.com/articles.html,1,,False
4,https://ezhalhe-sa.com/brand-building.html,2026-06-13,weekly,0.9,1,301,200,https://www.ezhalhe-sa.com/brand-building.html,1,,False
5,https://ezhalhe-sa.com/competitor-analysis.html,2026-06-13,weekly,0.9,1,301,200,https://www.ezhalhe-sa.com/competitor-analysis.html,1,,False
6,https://ezhalhe-sa.com/data-analysis.html,2026-06-13,weekly,0.9,1,301,200,https://www.ezhalhe-sa.com/,2,,False
7,https://ezhalhe-sa.com/digital-ads.html,2026-06-13,weekly,0.9,1,301,200,https://www.ezhalhe-sa.com/digital-ads.html,1,,False
8,https://ezhalhe-sa.com/product-marketing.html,2026-06-13,weekly,0.9,1,301,200,https://www.ezhalhe-sa.com/product-marketing.html,1,,False
9,https://ezhalhe-sa.com/search-engine-optimization.html,2026-06-13,weekly,0.9,1,301,200,https://www.ezhalhe-sa.com/search-engine-optimization.html,1,,False
10,https://ezhalhe-sa.com/secure-payments.html,2026-06-13,weekly,0.9,1,301,200,https://www.ezhalhe-sa.com/secure-payments.html,1,,False
11,https://ezhalhe-sa.com/salla-store-design.html,2026-06-13,weekly,0.9,2,301,200,https://www.ezhalhe-sa.com/salla-store-design.html,1,https://ezhalhe-sa.com/salla-store-design.html,True
12,https://ezhalhe-sa.com/zid-store-design.html,2026-06-13,weekly,0.9,2,301,200,https://www.ezhalhe-sa.com/zid-store-design.html,1,https://ezhalhe-sa.com/zid-store-design.html,True
13,https://ezhalhe-sa.com/store-verification.html,2026-06-13,weekly,0.9,1,301,200,https://www.ezhalhe-sa.com/store-verification.html,1,,False
14,https://ezhalhe-sa.com/articles/أخطاء-شائعة-في-تصميم-المتاجر-الإلكترونية-وكيفية-تجنبها.html,2026-06-13,monthly,0.8,1,301,200,https://www.ezhalhe-sa.com/articles/%D8%A3%D8%AE%D8%B7%D8%A7%D8%A1-%D8%B4%D8%A7%D8%A6%D8%B9%D8%A9-%D9%81%D9%8A-%D8%AA%D8%B5%D9%85%D9%8A%D9%85-%D8%A7%D9%84%D9%85%D8%AA%D8%A7%D8%AC%D8%B1-%D8%A7%D9%84%D8%A5%D9%84%D9%83%D8%AA%D8%B1%D9%88%D9%86%D9%8A%D8%A9-%D9%88%D9%83%D9%8A%D9%81%D9%8A%D8%A9-%D8%AA%D8%AC%D9%86%D8%A8%D9%87%D8%A7.html,1,https://ezhalhe-sa.com/articles/أخطاء-شائعة-في-تصميم-المتاجر-الإلكترونية-وكيفية-تجنبها.html,True
15,https://ezhalhe-sa.com/articles/أدوات-وتقنيات-تسهل-عليك-إدارة-متجرك-الإلكتروني-اليومية.html,2026-06-13,monthly,0.8,1,301,200,https://www.ezhalhe-sa.com/articles/%D8%A3%D8%AF%D9%88%D8%A7%D8%AA-%D9%88%D8%AA%D9%82%D9%86%D9%8A%D8%A7%D8%AA-%D8%AA%D8%B3%D9%87%D9%84-%D8%B9%D9%84%D9%8A%D9%83-%D8%A5%D8%AF%D8%A7%D8%B1%D8%A9-%D9%85%D8%AA%D8%AC%D8%B1%D9%83-%D8%A7%D9%84%D8%A5%D9%84%D9%83%D8%AA%D8%B1%D9%88%D9%86%D9%8A-%D8%A7%D9%84%D9%8A%D9%88%D9%85%D9%8A%D8%A9.html,1,https://ezhalhe-sa.com/articles/أدوات-وتقنيات-تسهل-عليك-إدارة-متجرك-الإلكتروني-اليومية.html,True
16,https://ezhalhe-sa.com/articles/أسرار-تصميم-صفحات-المنتجات-الجذابة-على-منصة-سلة.html,2026-06-13,monthly,0.8,1,301,200,https://www.ezhalhe-sa.com/articles/%D8%A3%D8%B3%D8%B1%D8%A7%D8%B1-%D8%AA%D8%B5%D9%85%D9%8A%D9%85-%D8%B5%D9%81%D8%AD%D8%A7%D8%AA-%D8%A7%D9%84%D9%85%D9%86%D8%AA%D8%AC%D8%A7%D8%AA-%D8%A7%D9%84%D8%AC%D8%B0%D8%A7%D8%A8%D8%A9-%D8%B9%D9%84%D9%89-%D9%85%D9%86%D8%B5%D8%A9-%D8%B3%D9%84%D8%A9.html,1,https://ezhalhe-sa.com/articles/أسرار-تصميم-صفحات-المنتجات-الجذابة-على-منصة-سلة.html,True
17,https://ezhalhe-sa.com/articles/أهمية-التخطيط-للمحتوى-في-إدارة-المتجر-وحسابات-السوشيال-ميديا.html,2026-06-13,monthly,0.8,1,301,200,https://www.ezhalhe-sa.com/articles/%D8%A3%D9%87%D9%85%D9%8A%D8%A9-%D8%A7%D9%84%D8%AA%D8%AE%D8%B7%D9%8A%D8%B7-%D9%84%D9%84%D9%85%D8%AD%D8%AA%D9%88%D9%89-%D9%81%D9%8A-%D8%A5%D8%AF%D8%A7%D8%B1%D8%A9-%D8%A7%D9%84%D9%85%D8%AA%D8%AC%D8%B1-%D9%88%D8%AD%D8%B3%D8%A7%D8%A8%D8%A7%D8%AA-%D8%A7%D9%84%D8%B3%D9%88%D8%B4%D9%8A%D8%A7%D9%84-%D9%85%D9%8A%D8%AF%D9%8A%D8%A7.html,1,https://ezhalhe-sa.com/articles/أهمية-التخطيط-للمحتوى-في-إدارة-المتجر-وحسابات-السوشيال-ميديا.html,True
18,https://ezhalhe-sa.com/articles/أهمية-التصميم-الاحترافي-لمتجرك-على-سلة-زيادة-المبيعات-والثقة.html,2026-06-13,monthly,0.8,1,301,200,https://www.ezhalhe-sa.com/articles/%D8%A3%D9%87%D9%85%D9%8A%D8%A9-%D8%A7%D9%84%D8%AA%D8%B5%D9%85%D9%8A%D9%85-%D8%A7%D9%84%D8%A7%D8%AD%D8%AA%D8%B1%D8%A7%D9%81%D9%8A-%D9%84%D9%85%D8%AA%D8%AC%D8%B1%D9%83-%D8%B9%D9%84%D9%89-%D8%B3%D9%84%D8%A9-%D8%B2%D9%8A%D8%A7%D8%AF%D8%A9-%D8%A7%D9%84%D9%85%D8%A8%D9%8A%D8%B9%D8%A7%D8%AA-%D9%88%D8%A7%D9%84%D8%AB%D9%82%D8%A9.html,1,https://ezhalhe-sa.com/articles/أهمية-التصميم-الاحترافي-لمتجرك-على-سلة-زيادة-المبيعات-والثقة.html,True
19,https://ezhalhe-sa.com/articles/أهمية-تتبع-التحويلات-في-الحملات-الإعلانية-قياس-العائد-على-الاستثمار-roi.html,2026-06-13,monthly,0.8,1,301,200,https://www.ezhalhe-sa.com/articles/%D8%A3%D9%87%D9%85%D9%8A%D8%A9-%D8%AA%D8%AA%D8%A8%D8%B9-%D8%A7%D9%84%D8%AA%D8%AD%D9%88%D9%8A%D9%84%D8%A7%D8%AA-%D9%81%D9%8A-%D8%A7%D9%84%D8%AD%D9%85%D9%84%D8%A7%D8%AA-%D8%A7%D9%84%D8%A5%D8%B9%D9%84%D8%A7%D9%86%D9%8A%D8%A9-%D9%82%D9%8A%D8%A7%D8%B3-%D8%A7%D9%84%D8%B9%D8%A7%D8%A6%D8%AF-%D8%B9%D9%84%D9%89-%D8%A7%D9%84%D8%A7%D8%B3%D8%AA%D8%AB%D9%85%D8%A7%D8%B1-roi.html,1,https://ezhalhe-sa.com/articles/أهمية-تتبع-التحويلات-في-الحملات-الإعلانية-قياس-العائد-على-الاستثمار-roi.html,True
20,https://ezhalhe-sa.com/articles/أهمية-تفعيل-بوابات-دفع-متعددة-لمتجرك-الإلكتروني.html,2026-06-13,monthly,0.8,1,301,200,https://www.ezhalhe-sa.com/articles/%D8%A3%D9%87%D9%85%D9%8A%D8%A9-%D8%AA%D9%81%D8%B9%D9%8A%D9%84-%D8%A8%D9%88%D8%A7%D8%A8%D8%A7%D8%AA-%D8%AF%D9%81%D8%B9-%D9%85%D8%AA%D8%B9%D8%AF%D8%AF%D8%A9-%D9%84%D9%85%D8%AA%D8%AC%D8%B1%D9%83-%D8%A7%D9%84%D8%A5%D9%84%D9%83%D8%AA%D8%B1%D9%88%D9%86%D9%8A.html,1,https://ezhalhe-sa.com/articles/أهمية-تفعيل-بوابات-دفع-متعددة-لمتجرك-الإلكتروني.html,True
21,https://ezhalhe-sa.com/articles/أهمية-تفعيل-خدمات-الدفع-الآجل-تابي-وتمارا-لزيادة-مبيعات-متجرك.html,2026-06-13,monthly,0.8,1,301,200,https://www.ezhalhe-sa.com/articles/%D8%A3%D9%87%D9%85%D9%8A%D8%A9-%D8%AA%D9%81%D8%B9%D9%8A%D9%84-%D8%AE%D8%AF%D9%85%D8%A7%D8%AA-%D8%A7%D9%84%D8%AF%D9%81%D8%B9-%D8%A7%D9%84%D8%A2%D8%AC%D9%84-%D8%AA%D8%A7%D8%A8%D9%8A-%D9%88%D8%AA%D9%85%D8%A7%D8%B1%D8%A7-%D9%84%D8%B2%D9%8A%D8%A7%D8%AF%D8%A9-%D9%85%D8%A8%D9%8A%D8%B9%D8%A7%D8%AA-%D9%85%D8%AA%D8%AC%D8%B1%D9%83.html,1,https://ezhalhe-sa.com/articles/أهمية-تفعيل-خدمات-الدفع-الآجل-تابي-وتمارا-لزيادة-مبيعات-متجرك.html,True
22,https://ezhalhe-sa.com/articles/أهمية-توثيق-متجرك-عبر-منصة-الأعمال-لضمان-الامتثال-القانوني.html,2026-06-13,monthly,0.8,1,301,200,https://www.ezhalhe-sa.com/articles/%D8%A3%D9%87%D9%85%D9%8A%D8%A9-%D8%AA%D9%88%D8%AB%D9%8A%D9%82-%D9%85%D8%AA%D8%AC%D8%B1%D9%83-%D8%B9%D8%A8%D8%B1-%D9%85%D9%86%D8%B5%D8%A9-%D8%A7%D9%84%D8%A3%D8%B9%D9%85%D8%A7%D9%84-%D9%84%D8%B6%D9%85%D8%A7%D9%86-%D8%A7%D9%84%D8%A7%D9%85%D8%AA%D8%AB%D8%A7%D9%84-%D8%A7%D9%84%D9%82%D8%A7%D9%86%D9%88%D9%86%D9%8A.html,1,https://ezhalhe-sa.com/articles/أهمية-توثيق-متجرك-عبر-منصة-الأعمال-لضمان-الامتثال-القانوني.html,True
23,https://ezhalhe-sa.com/articles/أهمية-توثيق-متجرك-في-سلة-بناء-الثقة-والمصداقية.html,2026-06-13,monthly,0.8,1,301,200,https://www.ezhalhe-sa.com/articles/%D8%A3%D9%87%D9%85%D9%8A%D8%A9-%D8%AA%D9%88%D8%AB%D9%8A%D9%82-%D9%85%D8%AA%D8%AC%D8%B1%D9%83-%D9%81%D9%8A-%D8%B3%D9%84%D8%A9-%D8%A8%D9%86%D8%A7%D8%A1-%D8%A7%D9%84%D8%AB%D9%82%D8%A9-%D9%88%D8%A7%D9%84%D9%85%D8%B5%D8%AF%D8%A7%D9%82%D9%8A%D8%A9.html,1,https://ezhalhe-sa.com/articles/أهمية-توثيق-متجرك-في-سلة-بناء-الثقة-والمصداقية.html,True
24,https://ezhalhe-sa.com/articles/أهمية-ربط-google-analytics-4-بمتجرك-الإلكتروني-لتحليل-الأداء.html,2026-06-13,monthly,0.8,1,301,200,https://www.ezhalhe-sa.com/articles/%D8%A3%D9%87%D9%85%D9%8A%D8%A9-%D8%B1%D8%A8%D8%B7-google-analytics-4-%D8%A8%D9%85%D8%AA%D8%AC%D8%B1%D9%83-%D8%A7%D9%84%D8%A5%D9%84%D9%83%D8%AA%D8%B1%D9%88%D9%86%D9%8A-%D9%84%D8%AA%D8%AD%D9%84%D9%8A%D9%84-%D8%A7%D9%84%D8%A3%D8%AF%D8%A7%D8%A1.html,1,https://ezhalhe-sa.com/articles/أهمية-ربط-google-analytics-4-بمتجرك-الإلكتروني-لتحليل-الأداء.html,True
25,https://ezhalhe-sa.com/articles/أهمية-فتح-حساب-بنكي-تجاري-لمتجرك-الإلكتروني.html,2026-06-13,monthly,0.8,1,301,200,https://www.ezhalhe-sa.com/articles/%D8%A3%D9%87%D9%85%D9%8A%D8%A9-%D9%81%D8%AA%D8%AD-%D8%AD%D8%B3%D8%A7%D8%A8-%D8%A8%D9%86%D9%83%D9%8A-%D8%AA%D8%AC%D8%A7%D8%B1%D9%8A-%D9%84%D9%85%D8%AA%D8%AC%D8%B1%D9%83-%D8%A7%D9%84%D8%A5%D9%84%D9%83%D8%AA%D8%B1%D9%88%D9%86%D9%8A.html,1,https://ezhalhe-sa.com/articles/أهمية-فتح-حساب-بنكي-تجاري-لمتجرك-الإلكتروني.html,True
26,https://ezhalhe-sa.com/articles/إدارة-التدفقات-النقدية-لمتجرك-عبر-الحساب-البنكي-التجاري.html,2026-06-13,monthly,0.8,1,301,200,https://www.ezhalhe-sa.com/articles/%D8%A5%D8%AF%D8%A7%D8%B1%D8%A9-%D8%A7%D9%84%D8%AA%D8%AF%D9%81%D9%82%D8%A7%D8%AA-%D8%A7%D9%84%D9%86%D9%82%D8%AF%D9%8A%D8%A9-%D9%84%D9%85%D8%AA%D8%AC%D8%B1%D9%83-%D8%B9%D8%A8%D8%B1-%D8%A7%D9%84%D8%AD%D8%B3%D8%A7%D8%A8-%D8%A7%D9%84%D8%A8%D9%86%D9%83%D9%8A-%D8%A7%D9%84%D8%AA%D8%AC%D8%A7%D8%B1%D9%8A.html,1,https://ezhalhe-sa.com/articles/إدارة-التدفقات-النقدية-لمتجرك-عبر-الحساب-البنكي-التجاري.html,True
27,https://ezhalhe-sa.com/articles/إدارة-المخزون-والطلبات-في-متجرك-الإلكتروني-دليل-المبتدئين.html,2026-06-13,monthly,0.8,1,301,200,https://www.ezhalhe-sa.com/articles/%D8%A5%D8%AF%D8%A7%D8%B1%D8%A9-%D8%A7%D9%84%D9%85%D8%AE%D8%B2%D9%88%D9%86-%D9%88%D8%A7%D9%84%D8%B7%D9%84%D8%A8%D8%A7%D8%AA-%D9%81%D9%8A-%D9%85%D8%AA%D8%AC%D8%B1%D9%83-%D8%A7%D9%84%D8%A5%D9%84%D9%83%D8%AA%D8%B1%D9%88%D9%86%D9%8A-%D8%AF%D9%84%D9%8A%D9%84-%D8%A7%D9%84%D9%85%D8%A8%D8%AA%D8%AF%D8%A6%D9%8A%D9%86.html,1,https://ezhalhe-sa.com/articles/إدارة-المخزون-والطلبات-في-متجرك-الإلكتروني-دليل-المبتدئين.html,True
28,https://ezhalhe-sa.com/articles/إدارة-خدمة-العملاء-عبر-التواصل-الاجتماعي-نصائح-لرضا-العميل.html,2026-06-13,monthly,0.8,1,301,200,https://www.ezhalhe-sa.com/articles/%D8%A5%D8%AF%D8%A7%D8%B1%D8%A9-%D8%AE%D8%AF%D9%85%D8%A9-%D8%A7%D9%84%D8%B9%D9%85%D9%84%D8%A7%D8%A1-%D8%B9%D8%A8%D8%B1-%D8%A7%D9%84%D8%AA%D9%88%D8%A7%D8%B5%D9%84-%D8%A7%D9%84%D8%A7%D8%AC%D8%AA%D9%85%D8%A7%D8%B9%D9%8A-%D9%86%D8%B5%D8%A7%D8%A6%D8%AD-%D9%84%D8%B1%D8%B6%D8%A7-%D8%A7%D9%84%D8%B9%D9%85%D9%8A%D9%84.html,1,https://ezhalhe-sa.com/articles/إدارة-خدمة-العملاء-عبر-التواصل-الاجتماعي-نصائح-لرضا-العميل.html,True
29,https://ezhalhe-sa.com/articles/إعداد-حملات-إعادة-الاستهداف-retargeting-باستخدام-البكسلات.html,2026-06-13,monthly,0.8,1,301,200,https://www.ezhalhe-sa.com/articles/%D8%A5%D8%B9%D8%AF%D8%A7%D8%AF-%D8%AD%D9%85%D9%84%D8%A7%D8%AA-%D8%A5%D8%B9%D8%A7%D8%AF%D8%A9-%D8%A7%D9%84%D8%A7%D8%B3%D8%AA%D9%87%D8%AF%D8%A7%D9%81-retargeting-%D8%A8%D8%A7%D8%B3%D8%AA%D8%AE%D8%AF%D8%A7%D9%85-%D8%A7%D9%84%D8%A8%D9%83%D8%B3%D9%84%D8%A7%D8%AA.html,1,https://ezhalhe-sa.com/articles/إعداد-حملات-إعادة-الاستهداف-retargeting-باستخدام-البكسلات.html,True
30,https://ezhalhe-sa.com/articles/اختيار-الدومين-المناسب-لمتجرك-الإلكتروني-نصائح-واستراتيجيات.html,2026-06-13,monthly,0.8,1,301,200,https://www.ezhalhe-sa.com/articles/%D8%A7%D8%AE%D8%AA%D9%8A%D8%A7%D8%B1-%D8%A7%D9%84%D8%AF%D9%88%D9%85%D9%8A%D9%86-%D8%A7%D9%84%D9%85%D9%86%D8%A7%D8%B3%D8%A8-%D9%84%D9%85%D8%AA%D8%AC%D8%B1%D9%83-%D8%A7%D9%84%D8%A5%D9%84%D9%83%D8%AA%D8%B1%D9%88%D9%86%D9%8A-%D9%86%D8%B5%D8%A7%D8%A6%D8%AD-%D9%88%D8%A7%D8%B3%D8%AA%D8%B1%D8%A7%D8%AA%D9%8A%D8%AC%D9%8A%D8%A7%D8%AA.html,1,https://ezhalhe-sa.com/articles/اختيار-الدومين-المناسب-لمتجرك-الإلكتروني-نصائح-واستراتيجيات.html,True
31,https://ezhalhe-sa.com/articles/استخدام-linktree-أو-بدائله-لتحسين-الروابط-في-حسابات-التواصل-الاجتماعي.html,2026-06-13,monthly,0.8,1,301,200,https://www.ezhalhe-sa.com/articles/%D8%A7%D8%B3%D8%AA%D8%AE%D8%AF%D8%A7%D9%85-linktree-%D8%A3%D9%88-%D8%A8%D8%AF%D8%A7%D8%A6%D9%84%D9%87-%D9%84%D8%AA%D8%AD%D8%B3%D9%8A%D9%86-%D8%A7%D9%84%D8%B1%D9%88%D8%A7%D8%A8%D8%B7-%D9%81%D9%8A-%D8%AD%D8%B3%D8%A7%D8%A8%D8%A7%D8%AA-%D8%A7%D9%84%D8%AA%D9%88%D8%A7%D8%B5%D9%84-%D8%A7%D9%84%D8%A7%D8%AC%D8%AA%D9%85%D8%A7%D8%B9%D9%8A.html,1,https://ezhalhe-sa.com/articles/استخدام-linktree-أو-بدائله-لتحسين-الروابط-في-حسابات-التواصل-الاجتماعي.html,True
32,https://ezhalhe-sa.com/articles/استخدام-واتساب-للأعمال-في-خدمة-العملاء-والتسويق-لمتجرك.html,2026-06-13,monthly,0.8,1,301,200,https://www.ezhalhe-sa.com/articles/%D8%A7%D8%B3%D8%AA%D8%AE%D8%AF%D8%A7%D9%85-%D9%88%D8%A7%D8%AA%D8%B3%D8%A7%D8%A8-%D9%84%D9%84%D8%A3%D8%B9%D9%85%D8%A7%D9%84-%D9%81%D9%8A-%D8%AE%D8%AF%D9%85%D8%A9-%D8%A7%D9%84%D8%B9%D9%85%D9%84%D8%A7%D8%A1-%D9%88%D8%A7%D9%84%D8%AA%D8%B3%D9%88%D9%8A%D9%82-%D9%84%D9%85%D8%AA%D8%AC%D8%B1%D9%83.html,1,https://ezhalhe-sa.com/articles/استخدام-واتساب-للأعمال-في-خدمة-العملاء-والتسويق-لمتجرك.html,True
33,https://ezhalhe-sa.com/articles/استراتيجيات-إدارة-حسابات-التواصل-الاجتماعي-لمتجرك-زيادة-التفاعل-والمبيعات.html,2026-06-13,monthly,0.8,1,301,200,https://www.ezhalhe-sa.com/articles/%D8%A7%D8%B3%D8%AA%D8%B1%D8%A7%D8%AA%D9%8A%D8%AC%D9%8A%D8%A7%D8%AA-%D8%A5%D8%AF%D8%A7%D8%B1%D8%A9-%D8%AD%D8%B3%D8%A7%D8%A8%D8%A7%D8%AA-%D8%A7%D9%84%D8%AA%D9%88%D8%A7%D8%B5%D9%84-%D8%A7%D9%84%D8%A7%D8%AC%D8%AA%D9%85%D8%A7%D8%B9%D9%8A-%D9%84%D9%85%D8%AA%D8%AC%D8%B1%D9%83-%D8%B2%D9%8A%D8%A7%D8%AF%D8%A9-%D8%A7%D9%84%D8%AA%D9%81%D8%A7%D8%B9%D9%84-%D9%88%D8%A7%D9%84%D9%85%D8%A8%D9%8A%D8%B9%D8%A7%D8%AA.html,1,https://ezhalhe-sa.com/articles/استراتيجيات-إدارة-حسابات-التواصل-الاجتماعي-لمتجرك-زيادة-التفاعل-والمبيعات.html,True
34,https://ezhalhe-sa.com/articles/استراتيجيات-استهداف-الجمهور-في-الحملات-الإعلانية-لزيادة-المبيعات.html,2026-06-13,monthly,0.8,1,301,200,https://www.ezhalhe-sa.com/articles/%D8%A7%D8%B3%D8%AA%D8%B1%D8%A7%D8%AA%D9%8A%D8%AC%D9%8A%D8%A7%D8%AA-%D8%A7%D8%B3%D8%AA%D9%87%D8%AF%D8%A7%D9%81-%D8%A7%D9%84%D8%AC%D9%85%D9%87%D9%88%D8%B1-%D9%81%D9%8A-%D8%A7%D9%84%D8%AD%D9%85%D9%84%D8%A7%D8%AA-%D8%A7%D9%84%D8%A5%D8%B9%D9%84%D8%A7%D9%86%D9%8A%D8%A9-%D9%84%D8%B2%D9%8A%D8%A7%D8%AF%D8%A9-%D8%A7%D9%84%D9%85%D8%A8%D9%8A%D8%B9%D8%A7%D8%AA.html,1,https://ezhalhe-sa.com/articles/استراتيجيات-استهداف-الجمهور-في-الحملات-الإعلانية-لزيادة-المبيعات.html,True
35,https://ezhalhe-sa.com/articles/الأخطاء-الشائعة-في-إعداد-الحملات-الإعلانية-وكيفية-تجنبها.html,2026-06-13,monthly,0.8,1,301,200,https://www.ezhalhe-sa.com/articles/%D8%A7%D9%84%D8%A3%D8%AE%D8%B7%D8%A7%D8%A1-%D8%A7%D9%84%D8%B4%D8%A7%D8%A6%D8%B9%D8%A9-%D9%81%D9%8A-%D8%A5%D8%B9%D8%AF%D8%A7%D8%AF-%D8%A7%D9%84%D8%AD%D9%85%D9%84%D8%A7%D8%AA-%D8%A7%D9%84%D8%A5%D8%B9%D9%84%D8%A7%D9%86%D9%8A%D8%A9-%D9%88%D9%83%D9%8A%D9%81%D9%8A%D8%A9-%D8%AA%D8%AC%D9%86%D8%A8%D9%87%D8%A7.html,1,https://ezhalhe-sa.com/articles/الأخطاء-الشائعة-في-إعداد-الحملات-الإعلانية-وكيفية-تجنبها.html,True
36,https://ezhalhe-sa.com/articles/التحديات-الشائعة-في-إدارة-المتاجر-الإلكترونية-وحلولها.html,2026-06-13,monthly,0.8,1,301,200,https://www.ezhalhe-sa.com/articles/%D8%A7%D9%84%D8%AA%D8%AD%D8%AF%D9%8A%D8%A7%D8%AA-%D8%A7%D9%84%D8%B4%D8%A7%D8%A6%D8%B9%D8%A9-%D9%81%D9%8A-%D8%A5%D8%AF%D8%A7%D8%B1%D8%A9-%D8%A7%D9%84%D9%85%D8%AA%D8%A7%D8%AC%D8%B1-%D8%A7%D9%84%D8%A5%D9%84%D9%83%D8%AA%D8%B1%D9%88%D9%86%D9%8A%D8%A9-%D9%88%D8%AD%D9%84%D9%88%D9%84%D9%87%D8%A7.html,1,https://ezhalhe-sa.com/articles/التحديات-الشائعة-في-إدارة-المتاجر-الإلكترونية-وحلولها.html,True
37,https://ezhalhe-sa.com/articles/التحديات-الشائعة-في-تفعيل-تابي-وتمارا-وكيفية-تجاوزها.html,2026-06-13,monthly,0.8,1,301,200,https://www.ezhalhe-sa.com/articles/%D8%A7%D9%84%D8%AA%D8%AD%D8%AF%D9%8A%D8%A7%D8%AA-%D8%A7%D9%84%D8%B4%D8%A7%D8%A6%D8%B9%D8%A9-%D9%81%D9%8A-%D8%AA%D9%81%D8%B9%D9%8A%D9%84-%D8%AA%D8%A7%D8%A8%D9%8A-%D9%88%D8%AA%D9%85%D8%A7%D8%B1%D8%A7-%D9%88%D9%83%D9%8A%D9%81%D9%8A%D8%A9-%D8%AA%D8%AC%D8%A7%D9%88%D8%B2%D9%87%D8%A7.html,1,https://ezhalhe-sa.com/articles/التحديات-الشائعة-في-تفعيل-تابي-وتمارا-وكيفية-تجاوزها.html,True
38,https://ezhalhe-sa.com/articles/الخدمات-الأساسية-المتكاملة-لنجاح-متجرك-الإلكتروني-قائمة-مرجعية.html,2026-06-13,monthly,0.8,1,301,200,https://www.ezhalhe-sa.com/articles/%D8%A7%D9%84%D8%AE%D8%AF%D9%85%D8%A7%D8%AA-%D8%A7%D9%84%D8%A3%D8%B3%D8%A7%D8%B3%D9%8A%D8%A9-%D8%A7%D9%84%D9%85%D8%AA%D9%83%D8%A7%D9%85%D9%84%D8%A9-%D9%84%D9%86%D8%AC%D8%A7%D8%AD-%D9%85%D8%AA%D8%AC%D8%B1%D9%83-%D8%A7%D9%84%D8%A5%D9%84%D9%83%D8%AA%D8%B1%D9%88%D9%86%D9%8A-%D9%82%D8%A7%D8%A6%D9%85%D8%A9-%D9%85%D8%B1%D8%AC%D8%B9%D9%8A%D8%A9.html,1,https://ezhalhe-sa.com/articles/الخدمات-الأساسية-المتكاملة-لنجاح-متجرك-الإلكتروني-قائمة-مرجعية.html,True
39,https://ezhalhe-sa.com/articles/الخدمات-المصرفية-الرقمية-المتاحة-لأصحاب-المتاجر-في-الراجحي-والإنماء.html,2026-06-13,monthly,0.8,1,301,200,https://www.ezhalhe-sa.com/articles/%D8%A7%D9%84%D8%AE%D8%AF%D9%85%D8%A7%D8%AA-%D8%A7%D9%84%D9%85%D8%B5%D8%B1%D9%81%D9%8A%D8%A9-%D8%A7%D9%84%D8%B1%D9%82%D9%85%D9%8A%D8%A9-%D8%A7%D9%84%D9%85%D8%AA%D8%A7%D8%AD%D8%A9-%D9%84%D8%A3%D8%B5%D8%AD%D8%A7%D8%A8-%D8%A7%D9%84%D9%85%D8%AA%D8%A7%D8%AC%D8%B1-%D9%81%D9%8A-%D8%A7%D9%84%D8%B1%D8%A7%D8%AC%D8%AD%D9%8A-%D9%88%D8%A7%D9%84%D8%A5%D9%86%D9%85%D8%A7%D8%A1.html,1,https://ezhalhe-sa.com/articles/الخدمات-المصرفية-الرقمية-المتاحة-لأصحاب-المتاجر-في-الراجحي-والإنماء.html,True
40,https://ezhalhe-sa.com/articles/الخطوات-الأساسية-لربط-متجرك-الإلكتروني-بمنصة-الأعمال.html,2026-06-13,monthly,0.8,1,301,200,https://www.ezhalhe-sa.com/articles/%D8%A7%D9%84%D8%AE%D8%B7%D9%88%D8%A7%D8%AA-%D8%A7%D9%84%D8%A3%D8%B3%D8%A7%D8%B3%D9%8A%D8%A9-%D9%84%D8%B1%D8%A8%D8%B7-%D9%85%D8%AA%D8%AC%D8%B1%D9%83-%D8%A7%D9%84%D8%A5%D9%84%D9%83%D8%AA%D8%B1%D9%88%D9%86%D9%8A-%D8%A8%D9%85%D9%86%D8%B5%D8%A9-%D8%A7%D9%84%D8%A3%D8%B9%D9%85%D8%A7%D9%84.html,1,https://ezhalhe-sa.com/articles/الخطوات-الأساسية-لربط-متجرك-الإلكتروني-بمنصة-الأعمال.html,True
41,https://ezhalhe-sa.com/articles/الخطوات-التفصيلية-لاستخراج-وثيقة-العمل-الحر-عبر-الإنترنت.html,2026-06-13,monthly,0.8,1,301,200,https://www.ezhalhe-sa.com/articles/%D8%A7%D9%84%D8%AE%D8%B7%D9%88%D8%A7%D8%AA-%D8%A7%D9%84%D8%AA%D9%81%D8%B5%D9%8A%D9%84%D9%8A%D8%A9-%D9%84%D8%A7%D8%B3%D8%AA%D8%AE%D8%B1%D8%A7%D8%AC-%D9%88%D8%AB%D9%8A%D9%82%D8%A9-%D8%A7%D9%84%D8%B9%D9%85%D9%84-%D8%A7%D9%84%D8%AD%D8%B1-%D8%B9%D8%A8%D8%B1-%D8%A7%D9%84%D8%A5%D9%86%D8%AA%D8%B1%D9%86%D8%AA.html,1,https://ezhalhe-sa.com/articles/الخطوات-التفصيلية-لاستخراج-وثيقة-العمل-الحر-عبر-الإنترنت.html,True
42,https://ezhalhe-sa.com/articles/الخطوات-التفصيلية-لتوثيق-المتجر-في-منصة-سلة-بنجاح.html,2026-06-13,monthly,0.8,1,301,200,https://www.ezhalhe-sa.com/articles/%D8%A7%D9%84%D8%AE%D8%B7%D9%88%D8%A7%D8%AA-%D8%A7%D9%84%D8%AA%D9%81%D8%B5%D9%8A%D9%84%D9%8A%D8%A9-%D9%84%D8%AA%D9%88%D8%AB%D9%8A%D9%82-%D8%A7%D9%84%D9%85%D8%AA%D8%AC%D8%B1-%D9%81%D9%8A-%D9%85%D9%86%D8%B5%D8%A9-%D8%B3%D9%84%D8%A9-%D8%A8%D9%86%D8%AC%D8%A7%D8%AD.html,1,https://ezhalhe-sa.com/articles/الخطوات-التفصيلية-لتوثيق-المتجر-في-منصة-سلة-بنجاح.html,True
43,https://ezhalhe-sa.com/articles/الخطوات-التفصيلية-لربط-خدمة-تمارا-بمتجرك-الإلكتروني-على-سلة-أو-زد.html,2026-06-13,monthly,0.8,1,301,200,https://www.ezhalhe-sa.com/articles/%D8%A7%D9%84%D8%AE%D8%B7%D9%88%D8%A7%D8%AA-%D8%A7%D9%84%D8%AA%D9%81%D8%B5%D9%8A%D9%84%D9%8A%D8%A9-%D9%84%D8%B1%D8%A8%D8%B7-%D8%AE%D8%AF%D9%85%D8%A9-%D8%AA%D9%85%D8%A7%D8%B1%D8%A7-%D8%A8%D9%85%D8%AA%D8%AC%D8%B1%D9%83-%D8%A7%D9%84%D8%A5%D9%84%D9%83%D8%AA%D8%B1%D9%88%D9%86%D9%8A-%D8%B9%D9%84%D9%89-%D8%B3%D9%84%D8%A9-%D8%A3%D9%88-%D8%B2%D8%AF.html,1,https://ezhalhe-sa.com/articles/الخطوات-التفصيلية-لربط-خدمة-تمارا-بمتجرك-الإلكتروني-على-سلة-أو-زد.html,True
44,https://ezhalhe-sa.com/articles/الدليل-الشامل-لإعداد-وربط-البكسلات-التحويلية-فيسبوك-سناب-شات-تيك-توك.html,2026-06-13,monthly,0.8,1,301,200,https://www.ezhalhe-sa.com/articles/%D8%A7%D9%84%D8%AF%D9%84%D9%8A%D9%84-%D8%A7%D9%84%D8%B4%D8%A7%D9%85%D9%84-%D9%84%D8%A5%D8%B9%D8%AF%D8%A7%D8%AF-%D9%88%D8%B1%D8%A8%D8%B7-%D8%A7%D9%84%D8%A8%D9%83%D8%B3%D9%84%D8%A7%D8%AA-%D8%A7%D9%84%D8%AA%D8%AD%D9%88%D9%8A%D9%84%D9%8A%D8%A9-%D9%81%D9%8A%D8%B3%D8%A8%D9%88%D9%83-%D8%B3%D9%86%D8%A7%D8%A8-%D8%B4%D8%A7%D8%AA-%D8%AA%D9%8A%D9%83-%D8%AA%D9%88%D9%83.html,1,https://ezhalhe-sa.com/articles/الدليل-الشامل-لإعداد-وربط-البكسلات-التحويلية-فيسبوك-سناب-شات-تيك-توك.html,True
45,https://ezhalhe-sa.com/articles/الرسوم-والعمولات-مقارنة-تكاليف-استخدام-ميس-مدفوع-وإمكان.html,2026-06-13,monthly,0.8,1,301,200,https://www.ezhalhe-sa.com/articles/%D8%A7%D9%84%D8%B1%D8%B3%D9%88%D9%85-%D9%88%D8%A7%D9%84%D8%B9%D9%85%D9%88%D9%84%D8%A7%D8%AA-%D9%85%D9%82%D8%A7%D8%B1%D9%86%D8%A9-%D8%AA%D9%83%D8%A7%D9%84%D9%8A%D9%81-%D8%A7%D8%B3%D8%AA%D8%AE%D8%AF%D8%A7%D9%85-%D9%85%D9%8A%D8%B3-%D9%85%D8%AF%D9%81%D9%88%D8%B9-%D9%88%D8%A5%D9%85%D9%83%D8%A7%D9%86.html,1,https://ezhalhe-sa.com/articles/الرسوم-والعمولات-مقارنة-تكاليف-استخدام-ميس-مدفوع-وإمكان.html,True
46,https://ezhalhe-sa.com/articles/الشروط-والمتطلبات-الأساسية-لاستخراج-وثيقة-العمل-الحر.html,2026-06-13,monthly,0.8,1,301,200,https://www.ezhalhe-sa.com/articles/%D8%A7%D9%84%D8%B4%D8%B1%D9%88%D8%B7-%D9%88%D8%A7%D9%84%D9%85%D8%AA%D8%B7%D9%84%D8%A8%D8%A7%D8%AA-%D8%A7%D9%84%D8%A3%D8%B3%D8%A7%D8%B3%D9%8A%D8%A9-%D9%84%D8%A7%D8%B3%D8%AA%D8%AE%D8%B1%D8%A7%D8%AC-%D9%88%D8%AB%D9%8A%D9%82%D8%A9-%D8%A7%D9%84%D8%B9%D9%85%D9%84-%D8%A7%D9%84%D8%AD%D8%B1.html,1,https://ezhalhe-sa.com/articles/الشروط-والمتطلبات-الأساسية-لاستخراج-وثيقة-العمل-الحر.html,True
47,https://ezhalhe-sa.com/articles/الشروط-والمتطلبات-الأساسية-لتفعيل-تابي-للأعمال.html,2026-06-13,monthly,0.8,1,301,200,https://www.ezhalhe-sa.com/articles/%D8%A7%D9%84%D8%B4%D8%B1%D9%88%D8%B7-%D9%88%D8%A7%D9%84%D9%85%D8%AA%D8%B7%D9%84%D8%A8%D8%A7%D8%AA-%D8%A7%D9%84%D8%A3%D8%B3%D8%A7%D8%B3%D9%8A%D8%A9-%D9%84%D8%AA%D9%81%D8%B9%D9%8A%D9%84-%D8%AA%D8%A7%D8%A8%D9%8A-%D9%84%D9%84%D8%A3%D8%B9%D9%85%D8%A7%D9%84.html,1,https://ezhalhe-sa.com/articles/الشروط-والمتطلبات-الأساسية-لتفعيل-تابي-للأعمال.html,True
48,https://ezhalhe-sa.com/articles/الشروط-والمتطلبات-الفنية-لتفعيل-بوابات-الدفع-الإلكتروني.html,2026-06-13,monthly,0.8,1,301,200,https://www.ezhalhe-sa.com/articles/%D8%A7%D9%84%D8%B4%D8%B1%D9%88%D8%B7-%D9%88%D8%A7%D9%84%D9%85%D8%AA%D8%B7%D9%84%D8%A8%D8%A7%D8%AA-%D8%A7%D9%84%D9%81%D9%86%D9%8A%D8%A9-%D9%84%D8%AA%D9%81%D8%B9%D9%8A%D9%84-%D8%A8%D9%88%D8%A7%D8%A8%D8%A7%D8%AA-%D8%A7%D9%84%D8%AF%D9%81%D8%B9-%D8%A7%D9%84%D8%A5%D9%84%D9%83%D8%AA%D8%B1%D9%88%D9%86%D9%8A.html,1,https://ezhalhe-sa.com/articles/الشروط-والمتطلبات-الفنية-لتفعيل-بوابات-الدفع-الإلكتروني.html,True
49,https://ezhalhe-sa.com/articles/العلاقة-بين-توثيق-منصة-الأعمال-وتفعيل-بوابات-الدفع-الإلكتروني.html,2026-06-13,monthly,0.8,1,301,200,https://www.ezhalhe-sa.com/articles/%D8%A7%D9%84%D8%B9%D9%84%D8%A7%D9%82%D8%A9-%D8%A8%D9%8A%D9%86-%D8%AA%D9%88%D8%AB%D9%8A%D9%82-%D9%85%D9%86%D8%B5%D8%A9-%D8%A7%D9%84%D8%A3%D8%B9%D9%85%D8%A7%D9%84-%D9%88%D8%AA%D9%81%D8%B9%D9%8A%D9%84-%D8%A8%D9%88%D8%A7%D8%A8%D8%A7%D8%AA-%D8%A7%D9%84%D8%AF%D9%81%D8%B9-%D8%A7%D9%84%D8%A5%D9%84%D9%83%D8%AA%D8%B1%D9%88%D9%86%D9%8A.html,1,https://ezhalhe-sa.com/articles/العلاقة-بين-توثيق-منصة-الأعمال-وتفعيل-بوابات-الدفع-الإلكتروني.html,True
50,https://ezhalhe-sa.com/articles/العلاقة-بين-وثيقة-العمل-الحر-وتوثيق-المتجر-في-سلة.html,2026-06-13,monthly,0.8,1,301,200,https://www.ezhalhe-sa.com/articles/%D8%A7%D9%84%D8%B9%D9%84%D8%A7%D9%82%D8%A9-%D8%A8%D9%8A%D9%86-%D9%88%D8%AB%D9%8A%D9%82%D8%A9-%D8%A7%D9%84%D8%B9%D9%85%D9%84-%D8%A7%D9%84%D8%AD%D8%B1-%D9%88%D8%AA%D9%88%D8%AB%D9%8A%D9%82-%D8%A7%D9%84%D9%85%D8%AA%D8%AC%D8%B1-%D9%81%D9%8A-%D8%B3%D9%84%D8%A9.html,1,https://ezhalhe-sa.com/articles/العلاقة-بين-وثيقة-العمل-الحر-وتوثيق-المتجر-في-سلة.html,True
51,https://ezhalhe-sa.com/articles/الفرق-بين-الحساب-البنكي-الشخصي-والحساب-البنكي-التجاري-للمتجر.html,2026-06-13,monthly,0.8,1,301,200,https://www.ezhalhe-sa.com/articles/%D8%A7%D9%84%D9%81%D8%B1%D9%82-%D8%A8%D9%8A%D9%86-%D8%A7%D9%84%D8%AD%D8%B3%D8%A7%D8%A8-%D8%A7%D9%84%D8%A8%D9%86%D9%83%D9%8A-%D8%A7%D9%84%D8%B4%D8%AE%D8%B5%D9%8A-%D9%88%D8%A7%D9%84%D8%AD%D8%B3%D8%A7%D8%A8-%D8%A7%D9%84%D8%A8%D9%86%D9%83%D9%8A-%D8%A7%D9%84%D8%AA%D8%AC%D8%A7%D8%B1%D9%8A-%D9%84%D9%84%D9%85%D8%AA%D8%AC%D8%B1.html,1,https://ezhalhe-sa.com/articles/الفرق-بين-الحساب-البنكي-الشخصي-والحساب-البنكي-التجاري-للمتجر.html,True
52,https://ezhalhe-sa.com/articles/الفرق-بين-وثيقة-العمل-الحر-والسجل-التجاري-للمتجر-الإلكتروني.html,2026-06-13,monthly,0.8,1,301,200,https://www.ezhalhe-sa.com/articles/%D8%A7%D9%84%D9%81%D8%B1%D9%82-%D8%A8%D9%8A%D9%86-%D9%88%D8%AB%D9%8A%D9%82%D8%A9-%D8%A7%D9%84%D8%B9%D9%85%D9%84-%D8%A7%D9%84%D8%AD%D8%B1-%D9%88%D8%A7%D9%84%D8%B3%D8%AC%D9%84-%D8%A7%D9%84%D8%AA%D8%AC%D8%A7%D8%B1%D9%8A-%D9%84%D9%84%D9%85%D8%AA%D8%AC%D8%B1-%D8%A7%D9%84%D8%A5%D9%84%D9%83%D8%AA%D8%B1%D9%88%D9%86%D9%8A.html,1,https://ezhalhe-sa.com/articles/الفرق-بين-وثيقة-العمل-الحر-والسجل-التجاري-للمتجر-الإلكتروني.html,True
53,https://ezhalhe-sa.com/articles/الفوائد-الأمنية-لتوثيق-متجرك-عبر-منصة-الأعمال.html,2026-06-13,monthly,0.8,1,301,200,https://www.ezhalhe-sa.com/articles/%D8%A7%D9%84%D9%81%D9%88%D8%A7%D8%A6%D8%AF-%D8%A7%D9%84%D8%A3%D9%85%D9%86%D9%8A%D8%A9-%D9%84%D8%AA%D9%88%D8%AB%D9%8A%D9%82-%D9%85%D8%AA%D8%AC%D8%B1%D9%83-%D8%B9%D8%A8%D8%B1-%D9%85%D9%86%D8%B5%D8%A9-%D8%A7%D9%84%D8%A3%D8%B9%D9%85%D8%A7%D9%84.html,1,https://ezhalhe-sa.com/articles/الفوائد-الأمنية-لتوثيق-متجرك-عبر-منصة-الأعمال.html,True
54,https://ezhalhe-sa.com/articles/الفوائد-القانونية-والتجارية-لتوثيق-متجرك-الإلكتروني.html,2026-06-13,monthly,0.8,1,301,200,https://www.ezhalhe-sa.com/articles/%D8%A7%D9%84%D9%81%D9%88%D8%A7%D8%A6%D8%AF-%D8%A7%D9%84%D9%82%D8%A7%D9%86%D9%88%D9%86%D9%8A%D8%A9-%D9%88%D8%A7%D9%84%D8%AA%D8%AC%D8%A7%D8%B1%D9%8A%D8%A9-%D9%84%D8%AA%D9%88%D8%AB%D9%8A%D9%82-%D9%85%D8%AA%D8%AC%D8%B1%D9%83-%D8%A7%D9%84%D8%A5%D9%84%D9%83%D8%AA%D8%B1%D9%88%D9%86%D9%8A.html,1,https://ezhalhe-sa.com/articles/الفوائد-القانونية-والتجارية-لتوثيق-متجرك-الإلكتروني.html,True
55,https://ezhalhe-sa.com/articles/المدة-الزمنية-المتوقعة-لإنهاء-إجراءات-توثيق-متجر-سلة.html,2026-06-13,monthly,0.8,1,301,200,https://www.ezhalhe-sa.com/articles/%D8%A7%D9%84%D9%85%D8%AF%D8%A9-%D8%A7%D9%84%D8%B2%D9%85%D9%86%D9%8A%D8%A9-%D8%A7%D9%84%D9%85%D8%AA%D9%88%D9%82%D8%B9%D8%A9-%D9%84%D8%A5%D9%86%D9%87%D8%A7%D8%A1-%D8%A5%D8%AC%D8%B1%D8%A7%D8%A1%D8%A7%D8%AA-%D8%AA%D9%88%D8%AB%D9%8A%D9%82-%D9%85%D8%AA%D8%AC%D8%B1-%D8%B3%D9%84%D8%A9.html,1,https://ezhalhe-sa.com/articles/المدة-الزمنية-المتوقعة-لإنهاء-إجراءات-توثيق-متجر-سلة.html,True
56,https://ezhalhe-sa.com/articles/المزايا-والحوافز-التي-تقدمها-وثيقة-العمل-الحر-لحامليها.html,2026-06-13,monthly,0.8,1,301,200,https://www.ezhalhe-sa.com/articles/%D8%A7%D9%84%D9%85%D8%B2%D8%A7%D9%8A%D8%A7-%D9%88%D8%A7%D9%84%D8%AD%D9%88%D8%A7%D9%81%D8%B2-%D8%A7%D9%84%D8%AA%D9%8A-%D8%AA%D9%82%D8%AF%D9%85%D9%87%D8%A7-%D9%88%D8%AB%D9%8A%D9%82%D8%A9-%D8%A7%D9%84%D8%B9%D9%85%D9%84-%D8%A7%D9%84%D8%AD%D8%B1-%D9%84%D8%AD%D8%A7%D9%85%D9%84%D9%8A%D9%87%D8%A7.html,1,https://ezhalhe-sa.com/articles/المزايا-والحوافز-التي-تقدمها-وثيقة-العمل-الحر-لحامليها.html,True
57,https://ezhalhe-sa.com/articles/الوثائق-المطلوبة-لتوثيق-متجر-إلكتروني-في-منصة-الأعمال.html,2026-06-13,monthly,0.8,1,301,200,https://www.ezhalhe-sa.com/articles/%D8%A7%D9%84%D9%88%D8%AB%D8%A7%D8%A6%D9%82-%D8%A7%D9%84%D9%85%D8%B7%D9%84%D9%88%D8%A8%D8%A9-%D9%84%D8%AA%D9%88%D8%AB%D9%8A%D9%82-%D9%85%D8%AA%D8%AC%D8%B1-%D8%A5%D9%84%D9%83%D8%AA%D8%B1%D9%88%D9%86%D9%8A-%D9%81%D9%8A-%D9%85%D9%86%D8%B5%D8%A9-%D8%A7%D9%84%D8%A3%D8%B9%D9%85%D8%A7%D9%84.html,1,https://ezhalhe-sa.com/articles/الوثائق-المطلوبة-لتوثيق-متجر-إلكتروني-في-منصة-الأعمال.html,True
58,https://ezhalhe-sa.com/articles/الوثائق-المطلوبة-لفتح-حساب-بنكي-للأعمال-في-المملكة-العربية-السعودية.html,2026-06-13,monthly,0.8,1,301,200,https://www.ezhalhe-sa.com/articles/%D8%A7%D9%84%D9%88%D8%AB%D8%A7%D8%A6%D9%82-%D8%A7%D9%84%D9%85%D8%B7%D9%84%D9%88%D8%A8%D8%A9-%D9%84%D9%81%D8%AA%D8%AD-%D8%AD%D8%B3%D8%A7%D8%A8-%D8%A8%D9%86%D9%83%D9%8A-%D9%84%D9%84%D8%A3%D8%B9%D9%85%D8%A7%D9%84-%D9%81%D9%8A-%D8%A7%D9%84%D9%85%D9%85%D9%84%D9%83%D8%A9-%D8%A7%D9%84%D8%B9%D8%B1%D8%A8%D9%8A%D8%A9-%D8%A7%D9%84%D8%B3%D8%B9%D9%88%D8%AF%D9%8A%D8%A9.html,1,https://ezhalhe-sa.com/articles/الوثائق-المطلوبة-لفتح-حساب-بنكي-للأعمال-في-المملكة-العربية-السعودية.html,True
59,https://ezhalhe-sa.com/articles/الوثائق-والمتطلبات-الأساسية-لعملية-توثيق-متجر-سلة.html,2026-06-13,monthly,0.8,1,301,200,https://www.ezhalhe-sa.com/articles/%D8%A7%D9%84%D9%88%D8%AB%D8%A7%D8%A6%D9%82-%D9%88%D8%A7%D9%84%D9%85%D8%AA%D8%B7%D9%84%D8%A8%D8%A7%D8%AA-%D8%A7%D9%84%D8%A3%D8%B3%D8%A7%D8%B3%D9%8A%D8%A9-%D9%84%D8%B9%D9%85%D9%84%D9%8A%D8%A9-%D8%AA%D9%88%D8%AB%D9%8A%D9%82-%D9%85%D8%AA%D8%AC%D8%B1-%D8%B3%D9%84%D8%A9.html,1,https://ezhalhe-sa.com/articles/الوثائق-والمتطلبات-الأساسية-لعملية-توثيق-متجر-سلة.html,True
60,https://ezhalhe-sa.com/articles/بناء-مجتمع-حول-متجرك-الإلكتروني-عبر-استراتيجيات-التواصل-الاجتماعي.html,2026-06-13,monthly,0.8,1,301,200,https://www.ezhalhe-sa.com/articles/%D8%A8%D9%86%D8%A7%D8%A1-%D9%85%D8%AC%D8%AA%D9%85%D8%B9-%D8%AD%D9%88%D9%84-%D9%85%D8%AA%D8%AC%D8%B1%D9%83-%D8%A7%D9%84%D8%A5%D9%84%D9%83%D8%AA%D8%B1%D9%88%D9%86%D9%8A-%D8%B9%D8%A8%D8%B1-%D8%A7%D8%B3%D8%AA%D8%B1%D8%A7%D8%AA%D9%8A%D8%AC%D9%8A%D8%A7%D8%AA-%D8%A7%D9%84%D8%AA%D9%88%D8%A7%D8%B5%D9%84-%D8%A7%D9%84%D8%A7%D8%AC%D8%AA%D9%85%D8%A7%D8%B9%D9%8A.html,1,https://ezhalhe-sa.com/articles/بناء-مجتمع-حول-متجرك-الإلكتروني-عبر-استراتيجيات-التواصل-الاجتماعي.html,True
61,https://ezhalhe-sa.com/articles/بوابات-الدفع-وتأثيرها-على-تجربة-المستخدم-ومعدل-التحويل.html,2026-06-13,monthly,0.8,1,301,200,https://www.ezhalhe-sa.com/articles/%D8%A8%D9%88%D8%A7%D8%A8%D8%A7%D8%AA-%D8%A7%D9%84%D8%AF%D9%81%D8%B9-%D9%88%D8%AA%D8%A3%D8%AB%D9%8A%D8%B1%D9%87%D8%A7-%D8%B9%D9%84%D9%89-%D8%AA%D8%AC%D8%B1%D8%A8%D8%A9-%D8%A7%D9%84%D9%85%D8%B3%D8%AA%D8%AE%D8%AF%D9%85-%D9%88%D9%85%D8%B9%D8%AF%D9%84-%D8%A7%D9%84%D8%AA%D8%AD%D9%88%D9%8A%D9%84.html,1,https://ezhalhe-sa.com/articles/بوابات-الدفع-وتأثيرها-على-تجربة-المستخدم-ومعدل-التحويل.html,True
62,https://ezhalhe-sa.com/articles/تابي-وتمارا-مقارنة-بين-المزايا-والرسوم-لأصحاب-المتاجر.html,2026-06-13,monthly,0.8,1,301,200,https://www.ezhalhe-sa.com/articles/%D8%AA%D8%A7%D8%A8%D9%8A-%D9%88%D8%AA%D9%85%D8%A7%D8%B1%D8%A7-%D9%85%D9%82%D8%A7%D8%B1%D9%86%D8%A9-%D8%A8%D9%8A%D9%86-%D8%A7%D9%84%D9%85%D8%B2%D8%A7%D9%8A%D8%A7-%D9%88%D8%A7%D9%84%D8%B1%D8%B3%D9%88%D9%85-%D9%84%D8%A3%D8%B5%D8%AD%D8%A7%D8%A8-%D8%A7%D9%84%D9%85%D8%AA%D8%A7%D8%AC%D8%B1.html,1,https://ezhalhe-sa.com/articles/تابي-وتمارا-مقارنة-بين-المزايا-والرسوم-لأصحاب-المتاجر.html,True
63,https://ezhalhe-sa.com/articles/تجربة-العميل-مع-الدفع-الآجل-نصائح-لتحسينها.html,2026-06-13,monthly,0.8,1,301,200,https://www.ezhalhe-sa.com/articles/%D8%AA%D8%AC%D8%B1%D8%A8%D8%A9-%D8%A7%D9%84%D8%B9%D9%85%D9%8A%D9%84-%D9%85%D8%B9-%D8%A7%D9%84%D8%AF%D9%81%D8%B9-%D8%A7%D9%84%D8%A2%D8%AC%D9%84-%D9%86%D8%B5%D8%A7%D8%A6%D8%AD-%D9%84%D8%AA%D8%AD%D8%B3%D9%8A%D9%86%D9%87%D8%A7.html,1,https://ezhalhe-sa.com/articles/تجربة-العميل-مع-الدفع-الآجل-نصائح-لتحسينها.html,True
64,https://ezhalhe-sa.com/articles/تحسين-seo-للمتاجر-الإلكترونية-على-سلة-دليل-شامل-للبداية.html,2026-06-13,monthly,0.8,1,301,200,https://www.ezhalhe-sa.com/articles/%D8%AA%D8%AD%D8%B3%D9%8A%D9%86-seo-%D9%84%D9%84%D9%85%D8%AA%D8%A7%D8%AC%D8%B1-%D8%A7%D9%84%D8%A5%D9%84%D9%83%D8%AA%D8%B1%D9%88%D9%86%D9%8A%D8%A9-%D8%B9%D9%84%D9%89-%D8%B3%D9%84%D8%A9-%D8%AF%D9%84%D9%8A%D9%84-%D8%B4%D8%A7%D9%85%D9%84-%D9%84%D9%84%D8%A8%D8%AF%D8%A7%D9%8A%D8%A9.html,1,https://ezhalhe-sa.com/articles/تحسين-seo-للمتاجر-الإلكترونية-على-سلة-دليل-شامل-للبداية.html,True
65,https://ezhalhe-sa.com/articles/تحسين-إعلاناتك-باستخدام-بيانات-البكسلات-دليل-متقدم.html,2026-06-13,monthly,0.8,1,301,200,https://www.ezhalhe-sa.com/articles/%D8%AA%D8%AD%D8%B3%D9%8A%D9%86-%D8%A5%D8%B9%D9%84%D8%A7%D9%86%D8%A7%D8%AA%D9%83-%D8%A8%D8%A7%D8%B3%D8%AA%D8%AE%D8%AF%D8%A7%D9%85-%D8%A8%D9%8A%D8%A7%D9%86%D8%A7%D8%AA-%D8%A7%D9%84%D8%A8%D9%83%D8%B3%D9%84%D8%A7%D8%AA-%D8%AF%D9%84%D9%8A%D9%84-%D9%85%D8%AA%D9%82%D8%AF%D9%85.html,1,https://ezhalhe-sa.com/articles/تحسين-إعلاناتك-باستخدام-بيانات-البكسلات-دليل-متقدم.html,True
66,https://ezhalhe-sa.com/articles/تحليل-أداء-المتجر-وحسابات-التواصل-الاجتماعي-مؤشرات-الأداء-الرئيسية-kpis.html,2026-06-13,monthly,0.8,1,301,200,https://www.ezhalhe-sa.com/articles/%D8%AA%D8%AD%D9%84%D9%8A%D9%84-%D8%A3%D8%AF%D8%A7%D8%A1-%D8%A7%D9%84%D9%85%D8%AA%D8%AC%D8%B1-%D9%88%D8%AD%D8%B3%D8%A7%D8%A8%D8%A7%D8%AA-%D8%A7%D9%84%D8%AA%D9%88%D8%A7%D8%B5%D9%84-%D8%A7%D9%84%D8%A7%D8%AC%D8%AA%D9%85%D8%A7%D8%B9%D9%8A-%D9%85%D8%A4%D8%B4%D8%B1%D8%A7%D8%AA-%D8%A7%D9%84%D8%A3%D8%AF%D8%A7%D8%A1-%D8%A7%D9%84%D8%B1%D8%A6%D9%8A%D8%B3%D9%8A%D8%A9-kpis.html,1,https://ezhalhe-sa.com/articles/تحليل-أداء-المتجر-وحسابات-التواصل-الاجتماعي-مؤشرات-الأداء-الرئيسية-kpis.html,True
67,https://ezhalhe-sa.com/articles/تدريب-سلة-كيف-تتقن-إدارة-متجرك-وتحقق-أقصى-استفادة-من-المنصة.html,2026-06-13,monthly,0.8,1,301,200,https://www.ezhalhe-sa.com/articles/%D8%AA%D8%AF%D8%B1%D9%8A%D8%A8-%D8%B3%D9%84%D8%A9-%D9%83%D9%8A%D9%81-%D8%AA%D8%AA%D9%82%D9%86-%D8%A5%D8%AF%D8%A7%D8%B1%D8%A9-%D9%85%D8%AA%D8%AC%D8%B1%D9%83-%D9%88%D8%AA%D8%AD%D9%82%D9%82-%D8%A3%D9%82%D8%B5%D9%89-%D8%A7%D8%B3%D8%AA%D9%81%D8%A7%D8%AF%D8%A9-%D9%85%D9%86-%D8%A7%D9%84%D9%85%D9%86%D8%B5%D8%A9.html,1,https://ezhalhe-sa.com/articles/تدريب-سلة-كيف-تتقن-إدارة-متجرك-وتحقق-أقصى-استفادة-من-المنصة.html,True
68,https://ezhalhe-sa.com/articles/تصميم-تجربة-المستخدم-ux-في-متجرك-الإلكتروني-خطوات-التنفيذ.html,2026-06-13,monthly,0.8,1,301,200,https://www.ezhalhe-sa.com/articles/%D8%AA%D8%B5%D9%85%D9%8A%D9%85-%D8%AA%D8%AC%D8%B1%D8%A8%D8%A9-%D8%A7%D9%84%D9%85%D8%B3%D8%AA%D8%AE%D8%AF%D9%85-ux-%D9%81%D9%8A-%D9%85%D8%AA%D8%AC%D8%B1%D9%83-%D8%A7%D9%84%D8%A5%D9%84%D9%83%D8%AA%D8%B1%D9%88%D9%86%D9%8A-%D8%AE%D8%B7%D9%88%D8%A7%D8%AA-%D8%A7%D9%84%D8%AA%D9%86%D9%81%D9%8A%D8%B0.html,1,https://ezhalhe-sa.com/articles/تصميم-تجربة-المستخدم-ux-في-متجرك-الإلكتروني-خطوات-التنفيذ.html,True
69,https://ezhalhe-sa.com/articles/تصميم-متجر-إلكتروني-متوافق-مع-الجوال-mobile-first-design-على-زد.html,2026-06-13,monthly,0.8,1,301,200,https://www.ezhalhe-sa.com/articles/%D8%AA%D8%B5%D9%85%D9%8A%D9%85-%D9%85%D8%AA%D8%AC%D8%B1-%D8%A5%D9%84%D9%83%D8%AA%D8%B1%D9%88%D9%86%D9%8A-%D9%85%D8%AA%D9%88%D8%A7%D9%81%D9%82-%D9%85%D8%B9-%D8%A7%D9%84%D8%AC%D9%88%D8%A7%D9%84-mobile-first-design-%D8%B9%D9%84%D9%89-%D8%B2%D8%AF.html,1,https://ezhalhe-sa.com/articles/تصميم-متجر-إلكتروني-متوافق-مع-الجوال-mobile-first-design-على-زد.html,True
70,https://ezhalhe-sa.com/articles/تصميم-متجر-احترافي-استراتيجيات-لتمييز-متجرك-عن-المنافسين.html,2026-06-13,monthly,0.8,1,301,200,https://www.ezhalhe-sa.com/articles/%D8%AA%D8%B5%D9%85%D9%8A%D9%85-%D9%85%D8%AA%D8%AC%D8%B1-%D8%A7%D8%AD%D8%AA%D8%B1%D8%A7%D9%81%D9%8A-%D8%A7%D8%B3%D8%AA%D8%B1%D8%A7%D8%AA%D9%8A%D8%AC%D9%8A%D8%A7%D8%AA-%D9%84%D8%AA%D9%85%D9%8A%D9%8A%D8%B2-%D9%85%D8%AA%D8%AC%D8%B1%D9%83-%D8%B9%D9%86-%D8%A7%D9%84%D9%85%D9%86%D8%A7%D9%81%D8%B3%D9%8A%D9%86.html,1,https://ezhalhe-sa.com/articles/تصميم-متجر-احترافي-استراتيجيات-لتمييز-متجرك-عن-المنافسين.html,True
71,https://ezhalhe-sa.com/articles/تفعيل-بكسلات-التحويل-فيسبوك-سناب-شات-لتحسين-الحملات-الإعلانية.html,2026-06-13,monthly,0.8,1,301,200,https://www.ezhalhe-sa.com/articles/%D8%AA%D9%81%D8%B9%D9%8A%D9%84-%D8%A8%D9%83%D8%B3%D9%84%D8%A7%D8%AA-%D8%A7%D9%84%D8%AA%D8%AD%D9%88%D9%8A%D9%84-%D9%81%D9%8A%D8%B3%D8%A8%D9%88%D9%83-%D8%B3%D9%86%D8%A7%D8%A8-%D8%B4%D8%A7%D8%AA-%D9%84%D8%AA%D8%AD%D8%B3%D9%8A%D9%86-%D8%A7%D9%84%D8%AD%D9%85%D9%84%D8%A7%D8%AA-%D8%A7%D9%84%D8%A5%D8%B9%D9%84%D8%A7%D9%86%D9%8A%D8%A9.html,1,https://ezhalhe-sa.com/articles/تفعيل-بكسلات-التحويل-فيسبوك-سناب-شات-لتحسين-الحملات-الإعلانية.html,True
72,https://ezhalhe-sa.com/articles/تفعيل-تابي-وتمارا-دليل-للامتثال-لشروط-الخدمة.html,2026-06-13,monthly,0.8,1,301,200,https://www.ezhalhe-sa.com/articles/%D8%AA%D9%81%D8%B9%D9%8A%D9%84-%D8%AA%D8%A7%D8%A8%D9%8A-%D9%88%D8%AA%D9%85%D8%A7%D8%B1%D8%A7-%D8%AF%D9%84%D9%8A%D9%84-%D9%84%D9%84%D8%A7%D9%85%D8%AA%D8%AB%D8%A7%D9%84-%D9%84%D8%B4%D8%B1%D9%88%D8%B7-%D8%A7%D9%84%D8%AE%D8%AF%D9%85%D8%A9.html,1,https://ezhalhe-sa.com/articles/تفعيل-تابي-وتمارا-دليل-للامتثال-لشروط-الخدمة.html,True
73,https://ezhalhe-sa.com/articles/توثيق-المتجر-الاحترافي-متطلبات-إضافية-لزيادة-الموثوقية.html,2026-06-13,monthly,0.8,1,301,200,https://www.ezhalhe-sa.com/articles/%D8%AA%D9%88%D8%AB%D9%8A%D9%82-%D8%A7%D9%84%D9%85%D8%AA%D8%AC%D8%B1-%D8%A7%D9%84%D8%A7%D8%AD%D8%AA%D8%B1%D8%A7%D9%81%D9%8A-%D9%85%D8%AA%D8%B7%D9%84%D8%A8%D8%A7%D8%AA-%D8%A5%D8%B6%D8%A7%D9%81%D9%8A%D8%A9-%D9%84%D8%B2%D9%8A%D8%A7%D8%AF%D8%A9-%D8%A7%D9%84%D9%85%D9%88%D8%AB%D9%88%D9%82%D9%8A%D8%A9.html,1,https://ezhalhe-sa.com/articles/توثيق-المتجر-الاحترافي-متطلبات-إضافية-لزيادة-الموثوقية.html,True
74,https://ezhalhe-sa.com/articles/توثيق-المتجر-في-سلة-دليل-لتجنب-الأخطاء-الشائعة.html,2026-06-13,monthly,0.8,1,301,200,https://www.ezhalhe-sa.com/articles/%D8%AA%D9%88%D8%AB%D9%8A%D9%82-%D8%A7%D9%84%D9%85%D8%AA%D8%AC%D8%B1-%D9%81%D9%8A-%D8%B3%D9%84%D8%A9-%D8%AF%D9%84%D9%8A%D9%84-%D9%84%D8%AA%D8%AC%D9%86%D8%A8-%D8%A7%D9%84%D8%A3%D8%AE%D8%B7%D8%A7%D8%A1-%D8%A7%D9%84%D8%B4%D8%A7%D8%A6%D8%B9%D8%A9.html,1,https://ezhalhe-sa.com/articles/توثيق-المتجر-في-سلة-دليل-لتجنب-الأخطاء-الشائعة.html,True
75,https://ezhalhe-sa.com/articles/توثيق-منصة-الأعمال-دليل-لتجنب-الرفض-وتسريع-الإجراءات.html,2026-06-13,monthly,0.8,1,301,200,https://www.ezhalhe-sa.com/articles/%D8%AA%D9%88%D8%AB%D9%8A%D9%82-%D9%85%D9%86%D8%B5%D8%A9-%D8%A7%D9%84%D8%A3%D8%B9%D9%85%D8%A7%D9%84-%D8%AF%D9%84%D9%8A%D9%84-%D9%84%D8%AA%D8%AC%D9%86%D8%A8-%D8%A7%D9%84%D8%B1%D9%81%D8%B6-%D9%88%D8%AA%D8%B3%D8%B1%D9%8A%D8%B9-%D8%A7%D9%84%D8%A5%D8%AC%D8%B1%D8%A7%D8%A1%D8%A7%D8%AA.html,1,https://ezhalhe-sa.com/articles/توثيق-منصة-الأعمال-دليل-لتجنب-الرفض-وتسريع-الإجراءات.html,True
76,https://ezhalhe-sa.com/articles/توثيق-منصة-الأعمال-ضمان-حقوق-التاجر-والمستهلك.html,2026-06-13,monthly,0.8,1,301,200,https://www.ezhalhe-sa.com/articles/%D8%AA%D9%88%D8%AB%D9%8A%D9%82-%D9%85%D9%86%D8%B5%D8%A9-%D8%A7%D9%84%D8%A3%D8%B9%D9%85%D8%A7%D9%84-%D8%B6%D9%85%D8%A7%D9%86-%D8%AD%D9%82%D9%88%D9%82-%D8%A7%D9%84%D8%AA%D8%A7%D8%AC%D8%B1-%D9%88%D8%A7%D9%84%D9%85%D8%B3%D8%AA%D9%87%D9%84%D9%83.html,1,https://ezhalhe-sa.com/articles/توثيق-منصة-الأعمال-ضمان-حقوق-التاجر-والمستهلك.html,True
77,https://ezhalhe-sa.com/articles/حلول-الدفع-الآمنة-كيف-تحمي-متجرك-وعملائك.html,2026-06-13,monthly,0.8,1,301,200,https://www.ezhalhe-sa.com/articles/%D8%AD%D9%84%D9%88%D9%84-%D8%A7%D9%84%D8%AF%D9%81%D8%B9-%D8%A7%D9%84%D8%A2%D9%85%D9%86%D8%A9-%D9%83%D9%8A%D9%81-%D8%AA%D8%AD%D9%85%D9%8A-%D9%85%D8%AA%D8%AC%D8%B1%D9%83-%D9%88%D8%B9%D9%85%D9%84%D8%A7%D8%A6%D9%83.html,1,https://ezhalhe-sa.com/articles/حلول-الدفع-الآمنة-كيف-تحمي-متجرك-وعملائك.html,True
78,https://ezhalhe-sa.com/articles/خدمات-الإدارة-الاحترافية-للحملات-الإعلانية-تحقيق-أفضل-النتائج.html,2026-06-13,monthly,0.8,1,301,200,https://www.ezhalhe-sa.com/articles/%D8%AE%D8%AF%D9%85%D8%A7%D8%AA-%D8%A7%D9%84%D8%A5%D8%AF%D8%A7%D8%B1%D8%A9-%D8%A7%D9%84%D8%A7%D8%AD%D8%AA%D8%B1%D8%A7%D9%81%D9%8A%D8%A9-%D9%84%D9%84%D8%AD%D9%85%D9%84%D8%A7%D8%AA-%D8%A7%D9%84%D8%A5%D8%B9%D9%84%D8%A7%D9%86%D9%8A%D8%A9-%D8%AA%D8%AD%D9%82%D9%8A%D9%82-%D8%A3%D9%81%D8%B6%D9%84-%D8%A7%D9%84%D9%86%D8%AA%D8%A7%D8%A6%D8%AC.html,1,https://ezhalhe-sa.com/articles/خدمات-الإدارة-الاحترافية-للحملات-الإعلانية-تحقيق-أفضل-النتائج.html,True
79,https://ezhalhe-sa.com/articles/خدمات-الإدارة-المتكاملة-للمتجر-والتسويق-الرقمي-ما-الذي-تقدمه.html,2026-06-13,monthly,0.8,1,301,200,https://www.ezhalhe-sa.com/articles/%D8%AE%D8%AF%D9%85%D8%A7%D8%AA-%D8%A7%D9%84%D8%A5%D8%AF%D8%A7%D8%B1%D8%A9-%D8%A7%D9%84%D9%85%D8%AA%D9%83%D8%A7%D9%85%D9%84%D8%A9-%D9%84%D9%84%D9%85%D8%AA%D8%AC%D8%B1-%D9%88%D8%A7%D9%84%D8%AA%D8%B3%D9%88%D9%8A%D9%82-%D8%A7%D9%84%D8%B1%D9%82%D9%85%D9%8A-%D9%85%D8%A7-%D8%A7%D9%84%D8%B0%D9%8A-%D8%AA%D9%82%D8%AF%D9%85%D9%87.html,1,https://ezhalhe-sa.com/articles/خدمات-الإدارة-المتكاملة-للمتجر-والتسويق-الرقمي-ما-الذي-تقدمه.html,True
80,https://ezhalhe-sa.com/articles/خدمات-الدعم-الفني-لتوثيق-متجرك-في-منصة-الأعمال.html,2026-06-13,monthly,0.8,1,301,200,https://www.ezhalhe-sa.com/articles/%D8%AE%D8%AF%D9%85%D8%A7%D8%AA-%D8%A7%D9%84%D8%AF%D8%B9%D9%85-%D8%A7%D9%84%D9%81%D9%86%D9%8A-%D9%84%D8%AA%D9%88%D8%AB%D9%8A%D9%82-%D9%85%D8%AA%D8%AC%D8%B1%D9%83-%D9%81%D9%8A-%D9%85%D9%86%D8%B5%D8%A9-%D8%A7%D9%84%D8%A3%D8%B9%D9%85%D8%A7%D9%84.html,1,https://ezhalhe-sa.com/articles/خدمات-الدعم-الفني-لتوثيق-متجرك-في-منصة-الأعمال.html,True
81,https://ezhalhe-sa.com/articles/خدمات-المساعدة-في-استخراج-وثيقة-العمل-الحر-توفير-الوقت-والجهد.html,2026-06-13,monthly,0.8,1,301,200,https://www.ezhalhe-sa.com/articles/%D8%AE%D8%AF%D9%85%D8%A7%D8%AA-%D8%A7%D9%84%D9%85%D8%B3%D8%A7%D8%B9%D8%AF%D8%A9-%D9%81%D9%8A-%D8%A7%D8%B3%D8%AA%D8%AE%D8%B1%D8%A7%D8%AC-%D9%88%D8%AB%D9%8A%D9%82%D8%A9-%D8%A7%D9%84%D8%B9%D9%85%D9%84-%D8%A7%D9%84%D8%AD%D8%B1-%D8%AA%D9%88%D9%81%D9%8A%D8%B1-%D8%A7%D9%84%D9%88%D9%82%D8%AA-%D9%88%D8%A7%D9%84%D8%AC%D9%87%D8%AF.html,1,https://ezhalhe-sa.com/articles/خدمات-المساعدة-في-استخراج-وثيقة-العمل-الحر-توفير-الوقت-والجهد.html,True
82,https://ezhalhe-sa.com/articles/خدمات-المساعدة-في-تفعيل-بوابات-الدفع-ضمان-التكامل-السريع.html,2026-06-13,monthly,0.8,1,301,200,https://www.ezhalhe-sa.com/articles/%D8%AE%D8%AF%D9%85%D8%A7%D8%AA-%D8%A7%D9%84%D9%85%D8%B3%D8%A7%D8%B9%D8%AF%D8%A9-%D9%81%D9%8A-%D8%AA%D9%81%D8%B9%D9%8A%D9%84-%D8%A8%D9%88%D8%A7%D8%A8%D8%A7%D8%AA-%D8%A7%D9%84%D8%AF%D9%81%D8%B9-%D8%B6%D9%85%D8%A7%D9%86-%D8%A7%D9%84%D8%AA%D9%83%D8%A7%D9%85%D9%84-%D8%A7%D9%84%D8%B3%D8%B1%D9%8A%D8%B9.html,1,https://ezhalhe-sa.com/articles/خدمات-المساعدة-في-تفعيل-بوابات-الدفع-ضمان-التكامل-السريع.html,True
83,https://ezhalhe-sa.com/articles/خدمات-المساعدة-في-تفعيل-تابي-وتمارا-ضمان-القبول-السريع.html,2026-06-13,monthly,0.8,1,301,200,https://www.ezhalhe-sa.com/articles/%D8%AE%D8%AF%D9%85%D8%A7%D8%AA-%D8%A7%D9%84%D9%85%D8%B3%D8%A7%D8%B9%D8%AF%D8%A9-%D9%81%D9%8A-%D8%AA%D9%81%D8%B9%D9%8A%D9%84-%D8%AA%D8%A7%D8%A8%D9%8A-%D9%88%D8%AA%D9%85%D8%A7%D8%B1%D8%A7-%D8%B6%D9%85%D8%A7%D9%86-%D8%A7%D9%84%D9%82%D8%A8%D9%88%D9%84-%D8%A7%D9%84%D8%B3%D8%B1%D9%8A%D8%B9.html,1,https://ezhalhe-sa.com/articles/خدمات-المساعدة-في-تفعيل-تابي-وتمارا-ضمان-القبول-السريع.html,True
84,https://ezhalhe-sa.com/articles/خدمات-المساعدة-في-توثيق-متجرك-على-سلة-ضمان-القبول-السريع.html,2026-06-13,monthly,0.8,1,301,200,https://www.ezhalhe-sa.com/articles/%D8%AE%D8%AF%D9%85%D8%A7%D8%AA-%D8%A7%D9%84%D9%85%D8%B3%D8%A7%D8%B9%D8%AF%D8%A9-%D9%81%D9%8A-%D8%AA%D9%88%D8%AB%D9%8A%D9%82-%D9%85%D8%AA%D8%AC%D8%B1%D9%83-%D8%B9%D9%84%D9%89-%D8%B3%D9%84%D8%A9-%D8%B6%D9%85%D8%A7%D9%86-%D8%A7%D9%84%D9%82%D8%A8%D9%88%D9%84-%D8%A7%D9%84%D8%B3%D8%B1%D9%8A%D8%B9.html,1,https://ezhalhe-sa.com/articles/خدمات-المساعدة-في-توثيق-متجرك-على-سلة-ضمان-القبول-السريع.html,True
85,https://ezhalhe-sa.com/articles/خطوات-التسجيل-وتفعيل-بوابة-الدفع-ميس-mees-على-متجرك.html,2026-06-13,monthly,0.8,1,301,200,https://www.ezhalhe-sa.com/articles/%D8%AE%D8%B7%D9%88%D8%A7%D8%AA-%D8%A7%D9%84%D8%AA%D8%B3%D8%AC%D9%8A%D9%84-%D9%88%D8%AA%D9%81%D8%B9%D9%8A%D9%84-%D8%A8%D9%88%D8%A7%D8%A8%D8%A9-%D8%A7%D9%84%D8%AF%D9%81%D8%B9-%D9%85%D9%8A%D8%B3-mees-%D8%B9%D9%84%D9%89-%D9%85%D8%AA%D8%AC%D8%B1%D9%83.html,1,https://ezhalhe-sa.com/articles/خطوات-التسجيل-وتفعيل-بوابة-الدفع-ميس-mees-على-متجرك.html,True
86,https://ezhalhe-sa.com/articles/خطوات-فتح-حساب-بنكي-إلكتروني-للأفراد-والمؤسسات.html,2026-06-13,monthly,0.8,1,301,200,https://www.ezhalhe-sa.com/articles/%D8%AE%D8%B7%D9%88%D8%A7%D8%AA-%D9%81%D8%AA%D8%AD-%D8%AD%D8%B3%D8%A7%D8%A8-%D8%A8%D9%86%D9%83%D9%8A-%D8%A5%D9%84%D9%83%D8%AA%D8%B1%D9%88%D9%86%D9%8A-%D9%84%D9%84%D8%A3%D9%81%D8%B1%D8%A7%D8%AF-%D9%88%D8%A7%D9%84%D9%85%D8%A4%D8%B3%D8%B3%D8%A7%D8%AA.html,1,https://ezhalhe-sa.com/articles/خطوات-فتح-حساب-بنكي-إلكتروني-للأفراد-والمؤسسات.html,True
87,https://ezhalhe-sa.com/articles/دليل-تفعيل-بوابة-الدفع-مدفوع-madfou-للمتاجر-الناشئة.html,2026-06-13,monthly,0.8,1,301,200,https://www.ezhalhe-sa.com/articles/%D8%AF%D9%84%D9%8A%D9%84-%D8%AA%D9%81%D8%B9%D9%8A%D9%84-%D8%A8%D9%88%D8%A7%D8%A8%D8%A9-%D8%A7%D9%84%D8%AF%D9%81%D8%B9-%D9%85%D8%AF%D9%81%D9%88%D8%B9-madfou-%D9%84%D9%84%D9%85%D8%AA%D8%A7%D8%AC%D8%B1-%D8%A7%D9%84%D9%86%D8%A7%D8%B4%D8%A6%D8%A9.html,1,https://ezhalhe-sa.com/articles/دليل-تفعيل-بوابة-الدفع-مدفوع-madfou-للمتاجر-الناشئة.html,True
88,https://ezhalhe-sa.com/articles/دليل-تفعيل-تابي-وتمارا-للمتاجر-التي-تعمل-بدون-سجل-تجاري.html,2026-06-13,monthly,0.8,1,301,200,https://www.ezhalhe-sa.com/articles/%D8%AF%D9%84%D9%8A%D9%84-%D8%AA%D9%81%D8%B9%D9%8A%D9%84-%D8%AA%D8%A7%D8%A8%D9%8A-%D9%88%D8%AA%D9%85%D8%A7%D8%B1%D8%A7-%D9%84%D9%84%D9%85%D8%AA%D8%A7%D8%AC%D8%B1-%D8%A7%D9%84%D8%AA%D9%8A-%D8%AA%D8%B9%D9%85%D9%84-%D8%A8%D8%AF%D9%88%D9%86-%D8%B3%D8%AC%D9%84-%D8%AA%D8%AC%D8%A7%D8%B1%D9%8A.html,1,https://ezhalhe-sa.com/articles/دليل-تفعيل-تابي-وتمارا-للمتاجر-التي-تعمل-بدون-سجل-تجاري.html,True
89,https://ezhalhe-sa.com/articles/دور-الهوية-البصرية-في-نجاح-متجرك-الإلكتروني-الاحترافي.html,2026-06-13,monthly,0.8,1,301,200,https://www.ezhalhe-sa.com/articles/%D8%AF%D9%88%D8%B1-%D8%A7%D9%84%D9%87%D9%88%D9%8A%D8%A9-%D8%A7%D9%84%D8%A8%D8%B5%D8%B1%D9%8A%D8%A9-%D9%81%D9%8A-%D9%86%D8%AC%D8%A7%D8%AD-%D9%85%D8%AA%D8%AC%D8%B1%D9%83-%D8%A7%D9%84%D8%A5%D9%84%D9%83%D8%AA%D8%B1%D9%88%D9%86%D9%8A-%D8%A7%D9%84%D8%A7%D8%AD%D8%AA%D8%B1%D8%A7%D9%81%D9%8A.html,1,https://ezhalhe-sa.com/articles/دور-الهوية-البصرية-في-نجاح-متجرك-الإلكتروني-الاحترافي.html,True
90,https://ezhalhe-sa.com/articles/دور-تحسين-seo-في-دعم-أداء-حملاتك-الإعلانية.html,2026-06-13,monthly,0.8,1,301,200,https://www.ezhalhe-sa.com/articles/%D8%AF%D9%88%D8%B1-%D8%AA%D8%AD%D8%B3%D9%8A%D9%86-seo-%D9%81%D9%8A-%D8%AF%D8%B9%D9%85-%D8%A3%D8%AF%D8%A7%D8%A1-%D8%AD%D9%85%D9%84%D8%A7%D8%AA%D9%83-%D8%A7%D9%84%D8%A5%D8%B9%D9%84%D8%A7%D9%86%D9%8A%D8%A9.html,1,https://ezhalhe-sa.com/articles/دور-تحسين-seo-في-دعم-أداء-حملاتك-الإعلانية.html,True
91,https://ezhalhe-sa.com/articles/دور-تخصيص-css-في-تصميم-متجر-سلة-احترافي-ومميز.html,2026-06-13,monthly,0.8,1,301,200,https://www.ezhalhe-sa.com/articles/%D8%AF%D9%88%D8%B1-%D8%AA%D8%AE%D8%B5%D9%8A%D8%B5-css-%D9%81%D9%8A-%D8%AA%D8%B5%D9%85%D9%8A%D9%85-%D9%85%D8%AA%D8%AC%D8%B1-%D8%B3%D9%84%D8%A9-%D8%A7%D8%AD%D8%AA%D8%B1%D8%A7%D9%81%D9%8A-%D9%88%D9%85%D9%85%D9%8A%D8%B2.html,1,https://ezhalhe-sa.com/articles/دور-تخصيص-css-في-تصميم-متجر-سلة-احترافي-ومميز.html,True
92,https://ezhalhe-sa.com/articles/ربط-متجرك-بـ-google-merchant-center-خطوات-لزيادة-الظهور.html,2026-06-13,monthly,0.8,1,301,200,https://www.ezhalhe-sa.com/articles/%D8%B1%D8%A8%D8%B7-%D9%85%D8%AA%D8%AC%D8%B1%D9%83-%D8%A8%D9%80-google-merchant-center-%D8%AE%D8%B7%D9%88%D8%A7%D8%AA-%D9%84%D8%B2%D9%8A%D8%A7%D8%AF%D8%A9-%D8%A7%D9%84%D8%B8%D9%87%D9%88%D8%B1.html,1,https://ezhalhe-sa.com/articles/ربط-متجرك-بـ-google-merchant-center-خطوات-لزيادة-الظهور.html,True
93,https://ezhalhe-sa.com/articles/عناصر-التصميم-التي-تزيد-من-معدل-التحويل-في-المتاجر-الإلكترونية.html,2026-06-13,monthly,0.8,1,301,200,https://www.ezhalhe-sa.com/articles/%D8%B9%D9%86%D8%A7%D8%B5%D8%B1-%D8%A7%D9%84%D8%AA%D8%B5%D9%85%D9%8A%D9%85-%D8%A7%D9%84%D8%AA%D9%8A-%D8%AA%D8%B2%D9%8A%D8%AF-%D9%85%D9%86-%D9%85%D8%B9%D8%AF%D9%84-%D8%A7%D9%84%D8%AA%D8%AD%D9%88%D9%8A%D9%84-%D9%81%D9%8A-%D8%A7%D9%84%D9%85%D8%AA%D8%A7%D8%AC%D8%B1-%D8%A7%D9%84%D8%A5%D9%84%D9%83%D8%AA%D8%B1%D9%88%D9%86%D9%8A%D8%A9.html,1,https://ezhalhe-sa.com/articles/عناصر-التصميم-التي-تزيد-من-معدل-التحويل-في-المتاجر-الإلكترونية.html,True
94,https://ezhalhe-sa.com/articles/فتح-حساب-بنكي-للمشاريع-الناشئة-دليل-خطوة-بخطوة.html,2026-06-13,monthly,0.8,1,301,200,https://www.ezhalhe-sa.com/articles/%D9%81%D8%AA%D8%AD-%D8%AD%D8%B3%D8%A7%D8%A8-%D8%A8%D9%86%D9%83%D9%8A-%D9%84%D9%84%D9%85%D8%B4%D8%A7%D8%B1%D9%8A%D8%B9-%D8%A7%D9%84%D9%86%D8%A7%D8%B4%D8%A6%D8%A9-%D8%AF%D9%84%D9%8A%D9%84-%D8%AE%D8%B7%D9%88%D8%A9-%D8%A8%D8%AE%D8%B7%D9%88%D8%A9.html,1,https://ezhalhe-sa.com/articles/فتح-حساب-بنكي-للمشاريع-الناشئة-دليل-خطوة-بخطوة.html,True
95,https://ezhalhe-sa.com/articles/كيف-تختار-قالب-متجر-زد-المناسب-لمنتجاتك-دليل-عملي.html,2026-06-13,monthly,0.8,1,301,200,https://www.ezhalhe-sa.com/articles/%D9%83%D9%8A%D9%81-%D8%AA%D8%AE%D8%AA%D8%A7%D8%B1-%D9%82%D8%A7%D9%84%D8%A8-%D9%85%D8%AA%D8%AC%D8%B1-%D8%B2%D8%AF-%D8%A7%D9%84%D9%85%D9%86%D8%A7%D8%B3%D8%A8-%D9%84%D9%85%D9%86%D8%AA%D8%AC%D8%A7%D8%AA%D9%83-%D8%AF%D9%84%D9%8A%D9%84-%D8%B9%D9%85%D9%84%D9%8A.html,1,https://ezhalhe-sa.com/articles/كيف-تختار-قالب-متجر-زد-المناسب-لمنتجاتك-دليل-عملي.html,True
96,https://ezhalhe-sa.com/articles/كيف-تخطط-لحملة-إعلانية-ناجحة-لمتجرك-الإلكتروني.html,2026-06-13,monthly,0.8,1,301,200,https://www.ezhalhe-sa.com/articles/%D9%83%D9%8A%D9%81-%D8%AA%D8%AE%D8%B7%D8%B7-%D9%84%D8%AD%D9%85%D9%84%D8%A9-%D8%A5%D8%B9%D9%84%D8%A7%D9%86%D9%8A%D8%A9-%D9%86%D8%A7%D8%AC%D8%AD%D8%A9-%D9%84%D9%85%D8%AA%D8%AC%D8%B1%D9%83-%D8%A7%D9%84%D8%A5%D9%84%D9%83%D8%AA%D8%B1%D9%88%D9%86%D9%8A.html,1,https://ezhalhe-sa.com/articles/كيف-تخطط-لحملة-إعلانية-ناجحة-لمتجرك-الإلكتروني.html,True
97,https://ezhalhe-sa.com/articles/كيف-تساعد-وثيقة-العمل-الحر-في-توثيق-متجرك-على-منصتي-سلة-وزد.html,2026-06-13,monthly,0.8,1,301,200,https://www.ezhalhe-sa.com/articles/%D9%83%D9%8A%D9%81-%D8%AA%D8%B3%D8%A7%D8%B9%D8%AF-%D9%88%D8%AB%D9%8A%D9%82%D8%A9-%D8%A7%D9%84%D8%B9%D9%85%D9%84-%D8%A7%D9%84%D8%AD%D8%B1-%D9%81%D9%8A-%D8%AA%D9%88%D8%AB%D9%8A%D9%82-%D9%85%D8%AA%D8%AC%D8%B1%D9%83-%D8%B9%D9%84%D9%89-%D9%85%D9%86%D8%B5%D8%AA%D9%8A-%D8%B3%D9%84%D8%A9-%D9%88%D8%B2%D8%AF.html,1,https://ezhalhe-sa.com/articles/كيف-تساعد-وثيقة-العمل-الحر-في-توثيق-متجرك-على-منصتي-سلة-وزد.html,True
98,https://ezhalhe-sa.com/articles/كيف-تضمن-إدارة-متجرك-الإلكتروني-بكفاءة-عالية-لمدة-شهر.html,2026-06-13,monthly,0.8,1,301,200,https://www.ezhalhe-sa.com/articles/%D9%83%D9%8A%D9%81-%D8%AA%D8%B6%D9%85%D9%86-%D8%A5%D8%AF%D8%A7%D8%B1%D8%A9-%D9%85%D8%AA%D8%AC%D8%B1%D9%83-%D8%A7%D9%84%D8%A5%D9%84%D9%83%D8%AA%D8%B1%D9%88%D9%86%D9%8A-%D8%A8%D9%83%D9%81%D8%A7%D8%A1%D8%A9-%D8%B9%D8%A7%D9%84%D9%8A%D8%A9-%D9%84%D9%85%D8%AF%D8%A9-%D8%B4%D9%87%D8%B1.html,1,https://ezhalhe-sa.com/articles/كيف-تضمن-إدارة-متجرك-الإلكتروني-بكفاءة-عالية-لمدة-شهر.html,True
99,https://ezhalhe-sa.com/articles/كيف-يؤثر-الدفع-الآجل-على-سلة-المشتريات-وقيمة-الطلب-المتوسطة.html,2026-06-13,monthly,0.8,1,301,200,https://www.ezhalhe-sa.com/articles/%D9%83%D9%8A%D9%81-%D9%8A%D8%A4%D8%AB%D8%B1-%D8%A7%D9%84%D8%AF%D9%81%D8%B9-%D8%A7%D9%84%D8%A2%D8%AC%D9%84-%D8%B9%D9%84%D9%89-%D8%B3%D9%84%D8%A9-%D8%A7%D9%84%D9%85%D8%B4%D8%AA%D8%B1%D9%8A%D8%A7%D8%AA-%D9%88%D9%82%D9%8A%D9%85%D8%A9-%D8%A7%D9%84%D8%B7%D9%84%D8%A8-%D8%A7%D9%84%D9%85%D8%AA%D9%88%D8%B3%D8%B7%D8%A9.html,1,https://ezhalhe-sa.com/articles/كيف-يؤثر-الدفع-الآجل-على-سلة-المشتريات-وقيمة-الطلب-المتوسطة.html,True
100,https://ezhalhe-sa.com/articles/كيف-يؤثر-توثيق-المتجر-على-تحسين-محركات-البحث-seo-لمتجرك.html,2026-06-13,monthly,0.8,1,301,200,https://www.ezhalhe-sa.com/articles/%D9%83%D9%8A%D9%81-%D9%8A%D8%A4%D8%AB%D8%B1-%D8%AA%D9%88%D8%AB%D9%8A%D9%82-%D8%A7%D9%84%D9%85%D8%AA%D8%AC%D8%B1-%D8%B9%D9%84%D9%89-%D8%AA%D8%AD%D8%B3%D9%8A%D9%86-%D9%85%D8%AD%D8%B1%D9%83%D8%A7%D8%AA-%D8%A7%D9%84%D8%A8%D8%AD%D8%AB-seo-%D9%84%D9%85%D8%AA%D8%AC%D8%B1%D9%83.html,1,https://ezhalhe-sa.com/articles/كيف-يؤثر-توثيق-المتجر-على-تحسين-محركات-البحث-seo-لمتجرك.html,True
101,https://ezhalhe-sa.com/articles/كيف-يؤثر-توثيق-منصة-الأعمال-على-التعاملات-المالية-والحساب-البنكي.html,2026-06-13,monthly,0.8,1,301,200,https://www.ezhalhe-sa.com/articles/%D9%83%D9%8A%D9%81-%D9%8A%D8%A4%D8%AB%D8%B1-%D8%AA%D9%88%D8%AB%D9%8A%D9%82-%D9%85%D9%86%D8%B5%D8%A9-%D8%A7%D9%84%D8%A3%D8%B9%D9%85%D8%A7%D9%84-%D8%B9%D9%84%D9%89-%D8%A7%D9%84%D8%AA%D8%B9%D8%A7%D9%85%D9%84%D8%A7%D8%AA-%D8%A7%D9%84%D9%85%D8%A7%D9%84%D9%8A%D8%A9-%D9%88%D8%A7%D9%84%D8%AD%D8%B3%D8%A7%D8%A8-%D8%A7%D9%84%D8%A8%D9%86%D9%83%D9%8A.html,1,https://ezhalhe-sa.com/articles/كيف-يؤثر-توثيق-منصة-الأعمال-على-التعاملات-المالية-والحساب-البنكي.html,True
102,https://ezhalhe-sa.com/articles/كيف-يسهل-الحساب-البنكي-التجاري-عملية-توثيق-متجرك-الإلكتروني.html,2026-06-13,monthly,0.8,1,301,200,https://www.ezhalhe-sa.com/articles/%D9%83%D9%8A%D9%81-%D9%8A%D8%B3%D9%87%D9%84-%D8%A7%D9%84%D8%AD%D8%B3%D8%A7%D8%A8-%D8%A7%D9%84%D8%A8%D9%86%D9%83%D9%8A-%D8%A7%D9%84%D8%AA%D8%AC%D8%A7%D8%B1%D9%8A-%D8%B9%D9%85%D9%84%D9%8A%D8%A9-%D8%AA%D9%88%D8%AB%D9%8A%D9%82-%D9%85%D8%AA%D8%AC%D8%B1%D9%83-%D8%A7%D9%84%D8%A5%D9%84%D9%83%D8%AA%D8%B1%D9%88%D9%86%D9%8A.html,1,https://ezhalhe-sa.com/articles/كيف-يسهل-الحساب-البنكي-التجاري-عملية-توثيق-متجرك-الإلكتروني.html,True
103,https://ezhalhe-sa.com/articles/كيفية-تجديد-وثيقة-العمل-الحر-وتعديل-بياناتها.html,2026-06-13,monthly,0.8,1,301,200,https://www.ezhalhe-sa.com/articles/%D9%83%D9%8A%D9%81%D9%8A%D8%A9-%D8%AA%D8%AC%D8%AF%D9%8A%D8%AF-%D9%88%D8%AB%D9%8A%D9%82%D8%A9-%D8%A7%D9%84%D8%B9%D9%85%D9%84-%D8%A7%D9%84%D8%AD%D8%B1-%D9%88%D8%AA%D8%B9%D8%AF%D9%8A%D9%84-%D8%A8%D9%8A%D8%A7%D9%86%D8%A7%D8%AA%D9%87%D8%A7.html,1,https://ezhalhe-sa.com/articles/كيفية-تجديد-وثيقة-العمل-الحر-وتعديل-بياناتها.html,True
104,https://ezhalhe-sa.com/articles/كيفية-تصميم-متجر-إلكتروني-احترافي-على-منصة-سلة-وزد.html,2026-06-13,monthly,0.8,1,301,200,https://www.ezhalhe-sa.com/articles/%D9%83%D9%8A%D9%81%D9%8A%D8%A9-%D8%AA%D8%B5%D9%85%D9%8A%D9%85-%D9%85%D8%AA%D8%AC%D8%B1-%D8%A5%D9%84%D9%83%D8%AA%D8%B1%D9%88%D9%86%D9%8A-%D8%A7%D8%AD%D8%AA%D8%B1%D8%A7%D9%81%D9%8A-%D8%B9%D9%84%D9%89-%D9%85%D9%86%D8%B5%D8%A9-%D8%B3%D9%84%D8%A9-%D9%88%D8%B2%D8%AF.html,1,https://ezhalhe-sa.com/articles/كيفية-تصميم-متجر-إلكتروني-احترافي-على-منصة-سلة-وزد.html,True
105,https://ezhalhe-sa.com/articles/كيفية-ربط-بوابة-الدفع-إمكان-imkan-بمتجرك-على-سلة-أو-زد.html,2026-06-13,monthly,0.8,1,301,200,https://www.ezhalhe-sa.com/articles/%D9%83%D9%8A%D9%81%D9%8A%D8%A9-%D8%B1%D8%A8%D8%B7-%D8%A8%D9%88%D8%A7%D8%A8%D8%A9-%D8%A7%D9%84%D8%AF%D9%81%D8%B9-%D8%A5%D9%85%D9%83%D8%A7%D9%86-imkan-%D8%A8%D9%85%D8%AA%D8%AC%D8%B1%D9%83-%D8%B9%D9%84%D9%89-%D8%B3%D9%84%D8%A9-%D8%A3%D9%88-%D8%B2%D8%AF.html,1,https://ezhalhe-sa.com/articles/كيفية-ربط-بوابة-الدفع-إمكان-imkan-بمتجرك-على-سلة-أو-زد.html,True
106,https://ezhalhe-sa.com/articles/ما-هي-وثيقة-العمل-الحر-وأهميتها-لأصحاب-المتاجر-الإلكترونية.html,2026-06-13,monthly,0.8,1,301,200,https://www.ezhalhe-sa.com/articles/%D9%85%D8%A7-%D9%87%D9%8A-%D9%88%D8%AB%D9%8A%D9%82%D8%A9-%D8%A7%D9%84%D8%B9%D9%85%D9%84-%D8%A7%D9%84%D8%AD%D8%B1-%D9%88%D8%A3%D9%87%D9%85%D9%8A%D8%AA%D9%87%D8%A7-%D9%84%D8%A3%D8%B5%D8%AD%D8%A7%D8%A8-%D8%A7%D9%84%D9%85%D8%AA%D8%A7%D8%AC%D8%B1-%D8%A7%D9%84%D8%A5%D9%84%D9%83%D8%AA%D8%B1%D9%88%D9%86%D9%8A%D8%A9.html,1,https://ezhalhe-sa.com/articles/ما-هي-وثيقة-العمل-الحر-وأهميتها-لأصحاب-المتاجر-الإلكترونية.html,True
107,https://ezhalhe-sa.com/articles/متطلبات-التوثيق-للمتاجر-التي-تعمل-على-منصات-سلة-وزد.html,2026-06-13,monthly,0.8,1,301,200,https://www.ezhalhe-sa.com/articles/%D9%85%D8%AA%D8%B7%D9%84%D8%A8%D8%A7%D8%AA-%D8%A7%D9%84%D8%AA%D9%88%D8%AB%D9%8A%D9%82-%D9%84%D9%84%D9%85%D8%AA%D8%A7%D8%AC%D8%B1-%D8%A7%D9%84%D8%AA%D9%8A-%D8%AA%D8%B9%D9%85%D9%84-%D8%B9%D9%84%D9%89-%D9%85%D9%86%D8%B5%D8%A7%D8%AA-%D8%B3%D9%84%D8%A9-%D9%88%D8%B2%D8%AF.html,1,https://ezhalhe-sa.com/articles/متطلبات-التوثيق-للمتاجر-التي-تعمل-على-منصات-سلة-وزد.html,True
108,https://ezhalhe-sa.com/articles/مقارنة-بين-إجراءات-فتح-حساب-بنكي-تجاري-في-الراجحي-والإنماء.html,2026-06-13,monthly,0.8,1,301,200,https://www.ezhalhe-sa.com/articles/%D9%85%D9%82%D8%A7%D8%B1%D9%86%D8%A9-%D8%A8%D9%8A%D9%86-%D8%A5%D8%AC%D8%B1%D8%A7%D8%A1%D8%A7%D8%AA-%D9%81%D8%AA%D8%AD-%D8%AD%D8%B3%D8%A7%D8%A8-%D8%A8%D9%86%D9%83%D9%8A-%D8%AA%D8%AC%D8%A7%D8%B1%D9%8A-%D9%81%D9%8A-%D8%A7%D9%84%D8%B1%D8%A7%D8%AC%D8%AD%D9%8A-%D9%88%D8%A7%D9%84%D8%A5%D9%86%D9%85%D8%A7%D8%A1.html,1,https://ezhalhe-sa.com/articles/مقارنة-بين-إجراءات-فتح-حساب-بنكي-تجاري-في-الراجحي-والإنماء.html,True
109,https://ezhalhe-sa.com/articles/مقارنة-بين-بوابات-الدفع-الإلكتروني-ميس-مدفوع-وإمكان.html,2026-06-13,monthly,0.8,1,301,200,https://www.ezhalhe-sa.com/articles/%D9%85%D9%82%D8%A7%D8%B1%D9%86%D8%A9-%D8%A8%D9%8A%D9%86-%D8%A8%D9%88%D8%A7%D8%A8%D8%A7%D8%AA-%D8%A7%D9%84%D8%AF%D9%81%D8%B9-%D8%A7%D9%84%D8%A5%D9%84%D9%83%D8%AA%D8%B1%D9%88%D9%86%D9%8A-%D9%85%D9%8A%D8%B3-%D9%85%D8%AF%D9%81%D9%88%D8%B9-%D9%88%D8%A5%D9%85%D9%83%D8%A7%D9%86.html,1,https://ezhalhe-sa.com/articles/مقارنة-بين-بوابات-الدفع-الإلكتروني-ميس-مدفوع-وإمكان.html,True
110,https://ezhalhe-sa.com/articles/مقارنة-بين-منصات-الإعلان-الرئيسية-جوجل-فيسبوك-سناب-شات.html,2026-06-13,monthly,0.8,1,301,200,https://www.ezhalhe-sa.com/articles/%D9%85%D9%82%D8%A7%D8%B1%D9%86%D8%A9-%D8%A8%D9%8A%D9%86-%D9%85%D9%86%D8%B5%D8%A7%D8%AA-%D8%A7%D9%84%D8%A5%D8%B9%D9%84%D8%A7%D9%86-%D8%A7%D9%84%D8%B1%D8%A6%D9%8A%D8%B3%D9%8A%D8%A9-%D8%AC%D9%88%D8%AC%D9%84-%D9%81%D9%8A%D8%B3%D8%A8%D9%88%D9%83-%D8%B3%D9%86%D8%A7%D8%A8-%D8%B4%D8%A7%D8%AA.html,1,https://ezhalhe-sa.com/articles/مقارنة-بين-منصات-الإعلان-الرئيسية-جوجل-فيسبوك-سناب-شات.html,True
111,https://ezhalhe-sa.com/articles/مقارنة-شاملة-بين-باقات-تصميم-متجر-سلة-بيسك-بلس-برو-ذهبية.html,2026-06-13,monthly,0.8,1,301,200,https://www.ezhalhe-sa.com/articles/%D9%85%D9%82%D8%A7%D8%B1%D9%86%D8%A9-%D8%B4%D8%A7%D9%85%D9%84%D8%A9-%D8%A8%D9%8A%D9%86-%D8%A8%D8%A7%D9%82%D8%A7%D8%AA-%D8%AA%D8%B5%D9%85%D9%8A%D9%85-%D9%85%D8%AA%D8%AC%D8%B1-%D8%B3%D9%84%D8%A9-%D8%A8%D9%8A%D8%B3%D9%83-%D8%A8%D9%84%D8%B3-%D8%A8%D8%B1%D9%88-%D8%B0%D9%87%D8%A8%D9%8A%D8%A9.html,1,https://ezhalhe-sa.com/articles/مقارنة-شاملة-بين-باقات-تصميم-متجر-سلة-بيسك-بلس-برو-ذهبية.html,True
112,https://ezhalhe-sa.com/articles/نصائح-لتسريع-عملية-الموافقة-على-فتح-حساب-بنكي-للأعمال.html,2026-06-13,monthly,0.8,1,301,200,https://www.ezhalhe-sa.com/articles/%D9%86%D8%B5%D8%A7%D8%A6%D8%AD-%D9%84%D8%AA%D8%B3%D8%B1%D9%8A%D8%B9-%D8%B9%D9%85%D9%84%D9%8A%D8%A9-%D8%A7%D9%84%D9%85%D9%88%D8%A7%D9%81%D9%82%D8%A9-%D8%B9%D9%84%D9%89-%D9%81%D8%AA%D8%AD-%D8%AD%D8%B3%D8%A7%D8%A8-%D8%A8%D9%86%D9%83%D9%8A-%D9%84%D9%84%D8%A3%D8%B9%D9%85%D8%A7%D9%84.html,1,https://ezhalhe-sa.com/articles/نصائح-لتسريع-عملية-الموافقة-على-فتح-حساب-بنكي-للأعمال.html,True
113,https://ezhalhe-sa.com/articles/وثيقة-العمل-الحر-دليل-لتحديد-النشاط-المناسب-لمتجرك.html,2026-06-13,monthly,0.8,1,301,200,https://www.ezhalhe-sa.com/articles/%D9%88%D8%AB%D9%8A%D9%82%D8%A9-%D8%A7%D9%84%D8%B9%D9%85%D9%84-%D8%A7%D9%84%D8%AD%D8%B1-%D8%AF%D9%84%D9%8A%D9%84-%D9%84%D8%AA%D8%AD%D8%AF%D9%8A%D8%AF-%D8%A7%D9%84%D9%86%D8%B4%D8%A7%D8%B7-%D8%A7%D9%84%D9%85%D9%86%D8%A7%D8%B3%D8%A8-%D9%84%D9%85%D8%AA%D8%AC%D8%B1%D9%83.html,1,https://ezhalhe-sa.com/articles/وثيقة-العمل-الحر-دليل-لتحديد-النشاط-المناسب-لمتجرك.html,True
114,https://ezhalhe-sa.com/articles/وثيقة-العمل-الحر-والالتزامات-الضريبية-ما-يجب-أن-تعرفه.html,2026-06-13,monthly,0.8,1,301,200,https://www.ezhalhe-sa.com/articles/%D9%88%D8%AB%D9%8A%D9%82%D8%A9-%D8%A7%D9%84%D8%B9%D9%85%D9%84-%D8%A7%D9%84%D8%AD%D8%B1-%D9%88%D8%A7%D9%84%D8%A7%D9%84%D8%AA%D8%B2%D8%A7%D9%85%D8%A7%D8%AA-%D8%A7%D9%84%D8%B6%D8%B1%D9%8A%D8%A8%D9%8A%D8%A9-%D9%85%D8%A7-%D9%8A%D8%AC%D8%A8-%D8%A3%D9%86-%D8%AA%D8%B9%D8%B1%D9%81%D9%87.html,1,https://ezhalhe-sa.com/articles/وثيقة-العمل-الحر-والالتزامات-الضريبية-ما-يجب-أن-تعرفه.html,True
115,https://ezhalhe-sa.com/discount-salla-plus,2026-06-13,weekly,0.9,1,301,404,https://www.ezhalhe-sa.com/discount-salla-plus,1,,False
116,https://ezhalhe-sa.com/discount-salla-pro,2026-06-13,weekly,0.9,1,301,404,https://www.ezhalhe-sa.com/discount-salla-pro,1,,False
117,https://ezhalhe-sa.com/salla-store-design.html,2026-06-15,weekly,0.95,2,301,200,https://www.ezhalhe-sa.com/salla-store-design.html,1,https://ezhalhe-sa.com/salla-store-design.html,True
118,https://ezhalhe-sa.com/zid-store-design.html,2026-06-15,weekly,0.9,2,301,200,https://www.ezhalhe-sa.com/zid-store-design.html,1,https://ezhalhe-sa.com/zid-store-design.html,True
119,https://ezhalhe-sa.com/salla-store-design-riyadh.html,2026-06-15,weekly,0.85,1,301,200,https://www.ezhalhe-sa.com/salla-store-design-riyadh.html,1,https://ezhalhe-sa.com/salla-store-design-riyadh.html,True
120,https://ezhalhe-sa.com/salla-store-design-jeddah.html,2026-06-15,weekly,0.85,1,301,200,https://www.ezhalhe-sa.com/salla-store-design-jeddah.html,1,https://ezhalhe-sa.com/salla-store-design-jeddah.html,True
121,https://ezhalhe-sa.com/salla-store-design-makkah.html,2026-06-15,weekly,0.85,1,301,200,https://www.ezhalhe-sa.com/salla-store-design-makkah.html,1,https://ezhalhe-sa.com/salla-store-design-makkah.html,True
122,https://ezhalhe-sa.com/salla-store-design-dammam.html,2026-06-15,weekly,0.85,1,301,200,https://www.ezhalhe-sa.com/salla-store-design-dammam.html,1,https://ezhalhe-sa.com/salla-store-design-dammam.html,True
