file,src,width,height,loading,decoding,fetchpriority,responsive_candidates
404.html,images/logo.webp,1000,1000,lazy,async,auto,3
articles/أخطاء-شائعة-في-تصميم-المتاجر-الإلكترونية-وكيفية-تجنبها.html,../images/logo.webp,1000,1000,lazy,async,auto,3
articles/أخطاء-شائعة-في-تصميم-المتاجر-الإلكترونية-وكيفية-تجنبها.html,../images/logo.webp,1000,1000,lazy,async,auto,3
articles/أدوات-وتقنيات-تسهل-عليك-إدارة-متجرك-الإلكتروني-اليومية.html,../images/logo.webp,1000,1000,lazy,async,auto,3
articles/أدوات-وتقنيات-تسهل-عليك-إدارة-متجرك-الإلكتروني-اليومية.html,../images/logo.webp,1000,1000,lazy,async,auto,3
articles/أسرار-تصميم-صفحات-المنتجات-الجذابة-على-منصة-سلة.html,../images/logo.webp,1000,1000,lazy,async,auto,3
articles/أسرار-تصميم-صفحات-المنتجات-الجذابة-على-منصة-سلة.html,../images/logo.webp,1000,1000,lazy,async,auto,3
articles/أهمية-التخطيط-للمحتوى-في-إدارة-المتجر-وحسابات-السوشيال-ميديا.html,../images/logo.webp,1000,1000,lazy,async,auto,3
articles/أهمية-التخطيط-للمحتوى-في-إدارة-المتجر-وحسابات-السوشيال-ميديا.html,../images/logo.webp,1000,1000,lazy,async,auto,3
articles/أهمية-التصميم-الاحترافي-لمتجرك-على-سلة-زيادة-المبيعات-والثقة.html,../images/logo.webp,1000,1000,lazy,async,auto,3
articles/أهمية-التصميم-الاحترافي-لمتجرك-على-سلة-زيادة-المبيعات-والثقة.html,../images/logo.webp,1000,1000,lazy,async,auto,3
articles/أهمية-تتبع-التحويلات-في-الحملات-الإعلانية-قياس-العائد-على-الاستثمار-roi.html,../images/logo.webp,1000,1000,lazy,async,auto,3
articles/أهمية-تتبع-التحويلات-في-الحملات-الإعلانية-قياس-العائد-على-الاستثمار-roi.html,../images/logo.webp,1000,1000,lazy,async,auto,3
articles/أهمية-تفعيل-بوابات-دفع-متعددة-لمتجرك-الإلكتروني.html,../images/logo.webp,1000,1000,lazy,async,auto,3
articles/أهمية-تفعيل-بوابات-دفع-متعددة-لمتجرك-الإلكتروني.html,../images/logo.webp,1000,1000,lazy,async,auto,3
articles/أهمية-تفعيل-خدمات-الدفع-الآجل-تابي-وتمارا-لزيادة-مبيعات-متجرك.html,../images/logo.webp,1000,1000,lazy,async,auto,3
articles/أهمية-تفعيل-خدمات-الدفع-الآجل-تابي-وتمارا-لزيادة-مبيعات-متجرك.html,../images/logo.webp,1000,1000,lazy,async,auto,3
articles/أهمية-توثيق-متجرك-عبر-منصة-الأعمال-لضمان-الامتثال-القانوني.html,../images/logo.webp,1000,1000,lazy,async,auto,3
articles/أهمية-توثيق-متجرك-عبر-منصة-الأعمال-لضمان-الامتثال-القانوني.html,../images/logo.webp,1000,1000,lazy,async,auto,3
articles/أهمية-توثيق-متجرك-في-سلة-بناء-الثقة-والمصداقية.html,../images/logo.webp,1000,1000,lazy,async,auto,3
articles/أهمية-توثيق-متجرك-في-سلة-بناء-الثقة-والمصداقية.html,../images/logo.webp,1000,1000,lazy,async,auto,3
articles/أهمية-ربط-google-analytics-4-بمتجرك-الإلكتروني-لتحليل-الأداء.html,../images/logo.webp,1000,1000,lazy,async,auto,3
articles/أهمية-ربط-google-analytics-4-بمتجرك-الإلكتروني-لتحليل-الأداء.html,../images/logo.webp,1000,1000,lazy,async,auto,3
articles/أهمية-فتح-حساب-بنكي-تجاري-لمتجرك-الإلكتروني.html,../images/logo.webp,1000,1000,lazy,async,auto,3
articles/أهمية-فتح-حساب-بنكي-تجاري-لمتجرك-الإلكتروني.html,../images/logo.webp,1000,1000,lazy,async,auto,3
articles/إدارة-التدفقات-النقدية-لمتجرك-عبر-الحساب-البنكي-التجاري.html,../images/logo.webp,1000,1000,lazy,async,auto,3
articles/إدارة-التدفقات-النقدية-لمتجرك-عبر-الحساب-البنكي-التجاري.html,../images/logo.webp,1000,1000,lazy,async,auto,3
articles/إدارة-المخزون-والطلبات-في-متجرك-الإلكتروني-دليل-المبتدئين.html,../images/logo.webp,1000,1000,lazy,async,auto,3
articles/إدارة-المخزون-والطلبات-في-متجرك-الإلكتروني-دليل-المبتدئين.html,../images/logo.webp,1000,1000,lazy,async,auto,3
articles/إدارة-خدمة-العملاء-عبر-التواصل-الاجتماعي-نصائح-لرضا-العميل.html,../images/logo.webp,1000,1000,lazy,async,auto,3
articles/إدارة-خدمة-العملاء-عبر-التواصل-الاجتماعي-نصائح-لرضا-العميل.html,../images/logo.webp,1000,1000,lazy,async,auto,3
articles/إعداد-حملات-إعادة-الاستهداف-retargeting-باستخدام-البكسلات.html,../images/logo.webp,1000,1000,lazy,async,auto,3
articles/إعداد-حملات-إعادة-الاستهداف-retargeting-باستخدام-البكسلات.html,../images/logo.webp,1000,1000,lazy,async,auto,3
articles/اختيار-الدومين-المناسب-لمتجرك-الإلكتروني-نصائح-واستراتيجيات.html,../images/logo.webp,1000,1000,lazy,async,auto,3
articles/اختيار-الدومين-المناسب-لمتجرك-الإلكتروني-نصائح-واستراتيجيات.html,../images/logo.webp,1000,1000,lazy,async,auto,3
articles/استخدام-linktree-أو-بدائله-لتحسين-الروابط-في-حسابات-التواصل-الاجتماعي.html,../images/logo.webp,1000,1000,lazy,async,auto,3
articles/استخدام-linktree-أو-بدائله-لتحسين-الروابط-في-حسابات-التواصل-الاجتماعي.html,../images/logo.webp,1000,1000,lazy,async,auto,3
articles/استخدام-واتساب-للأعمال-في-خدمة-العملاء-والتسويق-لمتجرك.html,../images/logo.webp,1000,1000,lazy,async,auto,3
articles/استخدام-واتساب-للأعمال-في-خدمة-العملاء-والتسويق-لمتجرك.html,../images/logo.webp,1000,1000,lazy,async,auto,3
articles/استراتيجيات-إدارة-حسابات-التواصل-الاجتماعي-لمتجرك-زيادة-التفاعل-والمبيعات.html,../images/logo.webp,1000,1000,lazy,async,auto,3
articles/استراتيجيات-إدارة-حسابات-التواصل-الاجتماعي-لمتجرك-زيادة-التفاعل-والمبيعات.html,../images/logo.webp,1000,1000,lazy,async,auto,3
articles/استراتيجيات-استهداف-الجمهور-في-الحملات-الإعلانية-لزيادة-المبيعات.html,../images/logo.webp,1000,1000,lazy,async,auto,3
articles/استراتيجيات-استهداف-الجمهور-في-الحملات-الإعلانية-لزيادة-المبيعات.html,../images/logo.webp,1000,1000,lazy,async,auto,3
articles/الأخطاء-الشائعة-في-إعداد-الحملات-الإعلانية-وكيفية-تجنبها.html,../images/logo.webp,1000,1000,lazy,async,auto,3
articles/الأخطاء-الشائعة-في-إعداد-الحملات-الإعلانية-وكيفية-تجنبها.html,../images/logo.webp,1000,1000,lazy,async,auto,3
articles/التحديات-الشائعة-في-إدارة-المتاجر-الإلكترونية-وحلولها.html,../images/logo.webp,1000,1000,lazy,async,auto,3
articles/التحديات-الشائعة-في-إدارة-المتاجر-الإلكترونية-وحلولها.html,../images/logo.webp,1000,1000,lazy,async,auto,3
articles/التحديات-الشائعة-في-تفعيل-تابي-وتمارا-وكيفية-تجاوزها.html,../images/logo.webp,1000,1000,lazy,async,auto,3
articles/التحديات-الشائعة-في-تفعيل-تابي-وتمارا-وكيفية-تجاوزها.html,../images/logo.webp,1000,1000,lazy,async,auto,3
articles/الخدمات-الأساسية-المتكاملة-لنجاح-متجرك-الإلكتروني-قائمة-مرجعية.html,../images/logo.webp,1000,1000,lazy,async,auto,3
articles/الخدمات-الأساسية-المتكاملة-لنجاح-متجرك-الإلكتروني-قائمة-مرجعية.html,../images/logo.webp,1000,1000,lazy,async,auto,3
articles/الخدمات-المصرفية-الرقمية-المتاحة-لأصحاب-المتاجر-في-الراجحي-والإنماء.html,../images/logo.webp,1000,1000,lazy,async,auto,3
articles/الخدمات-المصرفية-الرقمية-المتاحة-لأصحاب-المتاجر-في-الراجحي-والإنماء.html,../images/logo.webp,1000,1000,lazy,async,auto,3
articles/الخطوات-الأساسية-لربط-متجرك-الإلكتروني-بمنصة-الأعمال.html,../images/logo.webp,1000,1000,lazy,async,auto,3
articles/الخطوات-الأساسية-لربط-متجرك-الإلكتروني-بمنصة-الأعمال.html,../images/logo.webp,1000,1000,lazy,async,auto,3
articles/الخطوات-التفصيلية-لاستخراج-وثيقة-العمل-الحر-عبر-الإنترنت.html,../images/logo.webp,1000,1000,lazy,async,auto,3
articles/الخطوات-التفصيلية-لاستخراج-وثيقة-العمل-الحر-عبر-الإنترنت.html,../images/logo.webp,1000,1000,lazy,async,auto,3
articles/الخطوات-التفصيلية-لتوثيق-المتجر-في-منصة-سلة-بنجاح.html,../images/logo.webp,1000,1000,lazy,async,auto,3
articles/الخطوات-التفصيلية-لتوثيق-المتجر-في-منصة-سلة-بنجاح.html,../images/logo.webp,1000,1000,lazy,async,auto,3
articles/الخطوات-التفصيلية-لربط-خدمة-تمارا-بمتجرك-الإلكتروني-على-سلة-أو-زد.html,../images/logo.webp,1000,1000,lazy,async,auto,3
articles/الخطوات-التفصيلية-لربط-خدمة-تمارا-بمتجرك-الإلكتروني-على-سلة-أو-زد.html,../images/logo.webp,1000,1000,lazy,async,auto,3
articles/الدليل-الشامل-لإعداد-وربط-البكسلات-التحويلية-فيسبوك-سناب-شات-تيك-توك.html,../images/logo.webp,1000,1000,lazy,async,auto,3
articles/الدليل-الشامل-لإعداد-وربط-البكسلات-التحويلية-فيسبوك-سناب-شات-تيك-توك.html,../images/logo.webp,1000,1000,lazy,async,auto,3
articles/الرسوم-والعمولات-مقارنة-تكاليف-استخدام-ميس-مدفوع-وإمكان.html,../images/logo.webp,1000,1000,lazy,async,auto,3
articles/الرسوم-والعمولات-مقارنة-تكاليف-استخدام-ميس-مدفوع-وإمكان.html,../images/logo.webp,1000,1000,lazy,async,auto,3
articles/الشروط-والمتطلبات-الأساسية-لاستخراج-وثيقة-العمل-الحر.html,../images/logo.webp,1000,1000,lazy,async,auto,3
articles/الشروط-والمتطلبات-الأساسية-لاستخراج-وثيقة-العمل-الحر.html,../images/logo.webp,1000,1000,lazy,async,auto,3
articles/الشروط-والمتطلبات-الأساسية-لتفعيل-تابي-للأعمال.html,../images/logo.webp,1000,1000,lazy,async,auto,3
articles/الشروط-والمتطلبات-الأساسية-لتفعيل-تابي-للأعمال.html,../images/logo.webp,1000,1000,lazy,async,auto,3
articles/الشروط-والمتطلبات-الفنية-لتفعيل-بوابات-الدفع-الإلكتروني.html,../images/logo.webp,1000,1000,lazy,async,auto,3
articles/الشروط-والمتطلبات-الفنية-لتفعيل-بوابات-الدفع-الإلكتروني.html,../images/logo.webp,1000,1000,lazy,async,auto,3
articles/العلاقة-بين-توثيق-منصة-الأعمال-وتفعيل-بوابات-الدفع-الإلكتروني.html,../images/logo.webp,1000,1000,lazy,async,auto,3
articles/العلاقة-بين-توثيق-منصة-الأعمال-وتفعيل-بوابات-الدفع-الإلكتروني.html,../images/logo.webp,1000,1000,lazy,async,auto,3
articles/العلاقة-بين-وثيقة-العمل-الحر-وتوثيق-المتجر-في-سلة.html,../images/logo.webp,1000,1000,lazy,async,auto,3
articles/العلاقة-بين-وثيقة-العمل-الحر-وتوثيق-المتجر-في-سلة.html,../images/logo.webp,1000,1000,lazy,async,auto,3
articles/الفرق-بين-الحساب-البنكي-الشخصي-والحساب-البنكي-التجاري-للمتجر.html,../images/logo.webp,1000,1000,lazy,async,auto,3
articles/الفرق-بين-الحساب-البنكي-الشخصي-والحساب-البنكي-التجاري-للمتجر.html,../images/logo.webp,1000,1000,lazy,async,auto,3
articles/الفرق-بين-وثيقة-العمل-الحر-والسجل-التجاري-للمتجر-الإلكتروني.html,../images/logo.webp,1000,1000,lazy,async,auto,3
articles/الفرق-بين-وثيقة-العمل-الحر-والسجل-التجاري-للمتجر-الإلكتروني.html,../images/logo.webp,1000,1000,lazy,async,auto,3
articles/الفوائد-الأمنية-لتوثيق-متجرك-عبر-منصة-الأعمال.html,../images/logo.webp,1000,1000,lazy,async,auto,3
articles/الفوائد-الأمنية-لتوثيق-متجرك-عبر-منصة-الأعمال.html,../images/logo.webp,1000,1000,lazy,async,auto,3
articles/الفوائد-القانونية-والتجارية-لتوثيق-متجرك-الإلكتروني.html,../images/logo.webp,1000,1000,lazy,async,auto,3
articles/الفوائد-القانونية-والتجارية-لتوثيق-متجرك-الإلكتروني.html,../images/logo.webp,1000,1000,lazy,async,auto,3
articles/المدة-الزمنية-المتوقعة-لإنهاء-إجراءات-توثيق-متجر-سلة.html,../images/logo.webp,1000,1000,lazy,async,auto,3
articles/المدة-الزمنية-المتوقعة-لإنهاء-إجراءات-توثيق-متجر-سلة.html,../images/logo.webp,1000,1000,lazy,async,auto,3
articles/المزايا-والحوافز-التي-تقدمها-وثيقة-العمل-الحر-لحامليها.html,../images/logo.webp,1000,1000,lazy,async,auto,3
articles/المزايا-والحوافز-التي-تقدمها-وثيقة-العمل-الحر-لحامليها.html,../images/logo.webp,1000,1000,lazy,async,auto,3
articles/الوثائق-المطلوبة-لتوثيق-متجر-إلكتروني-في-منصة-الأعمال.html,../images/logo.webp,1000,1000,lazy,async,auto,3
articles/الوثائق-المطلوبة-لتوثيق-متجر-إلكتروني-في-منصة-الأعمال.html,../images/logo.webp,1000,1000,lazy,async,auto,3
articles/الوثائق-المطلوبة-لفتح-حساب-بنكي-للأعمال-في-المملكة-العربية-السعودية.html,../images/logo.webp,1000,1000,lazy,async,auto,3
articles/الوثائق-المطلوبة-لفتح-حساب-بنكي-للأعمال-في-المملكة-العربية-السعودية.html,../images/logo.webp,1000,1000,lazy,async,auto,3
articles/الوثائق-والمتطلبات-الأساسية-لعملية-توثيق-متجر-سلة.html,../images/logo.webp,1000,1000,lazy,async,auto,3
articles/الوثائق-والمتطلبات-الأساسية-لعملية-توثيق-متجر-سلة.html,../images/logo.webp,1000,1000,lazy,async,auto,3
articles/بناء-مجتمع-حول-متجرك-الإلكتروني-عبر-استراتيجيات-التواصل-الاجتماعي.html,../images/logo.webp,1000,1000,lazy,async,auto,3
articles/بناء-مجتمع-حول-متجرك-الإلكتروني-عبر-استراتيجيات-التواصل-الاجتماعي.html,../images/logo.webp,1000,1000,lazy,async,auto,3
articles/بوابات-الدفع-وتأثيرها-على-تجربة-المستخدم-ومعدل-التحويل.html,../images/logo.webp,1000,1000,lazy,async,auto,3
articles/بوابات-الدفع-وتأثيرها-على-تجربة-المستخدم-ومعدل-التحويل.html,../images/logo.webp,1000,1000,lazy,async,auto,3
articles/تابي-وتمارا-مقارنة-بين-المزايا-والرسوم-لأصحاب-المتاجر.html,../images/logo.webp,1000,1000,lazy,async,auto,3
articles/تابي-وتمارا-مقارنة-بين-المزايا-والرسوم-لأصحاب-المتاجر.html,../images/logo.webp,1000,1000,lazy,async,auto,3
articles/تجربة-العميل-مع-الدفع-الآجل-نصائح-لتحسينها.html,../images/logo.webp,1000,1000,lazy,async,auto,3
articles/تجربة-العميل-مع-الدفع-الآجل-نصائح-لتحسينها.html,../images/logo.webp,1000,1000,lazy,async,auto,3
articles/تحسين-seo-للمتاجر-الإلكترونية-على-سلة-دليل-شامل-للبداية.html,../images/logo.webp,1000,1000,lazy,async,auto,3
articles/تحسين-seo-للمتاجر-الإلكترونية-على-سلة-دليل-شامل-للبداية.html,../images/logo.webp,1000,1000,lazy,async,auto,3
articles/تحسين-إعلاناتك-باستخدام-بيانات-البكسلات-دليل-متقدم.html,../images/logo.webp,1000,1000,lazy,async,auto,3
articles/تحسين-إعلاناتك-باستخدام-بيانات-البكسلات-دليل-متقدم.html,../images/logo.webp,1000,1000,lazy,async,auto,3
articles/تحليل-أداء-المتجر-وحسابات-التواصل-الاجتماعي-مؤشرات-الأداء-الرئيسية-kpis.html,../images/logo.webp,1000,1000,lazy,async,auto,3
articles/تحليل-أداء-المتجر-وحسابات-التواصل-الاجتماعي-مؤشرات-الأداء-الرئيسية-kpis.html,../images/logo.webp,1000,1000,lazy,async,auto,3
articles/تدريب-سلة-كيف-تتقن-إدارة-متجرك-وتحقق-أقصى-استفادة-من-المنصة.html,../images/logo.webp,1000,1000,lazy,async,auto,3
articles/تدريب-سلة-كيف-تتقن-إدارة-متجرك-وتحقق-أقصى-استفادة-من-المنصة.html,../images/logo.webp,1000,1000,lazy,async,auto,3
articles/تصميم-تجربة-المستخدم-ux-في-متجرك-الإلكتروني-خطوات-التنفيذ.html,../images/logo.webp,1000,1000,lazy,async,auto,3
articles/تصميم-تجربة-المستخدم-ux-في-متجرك-الإلكتروني-خطوات-التنفيذ.html,../images/logo.webp,1000,1000,lazy,async,auto,3
articles/تصميم-متجر-إلكتروني-متوافق-مع-الجوال-mobile-first-design-على-زد.html,../images/logo.webp,1000,1000,lazy,async,auto,3
articles/تصميم-متجر-إلكتروني-متوافق-مع-الجوال-mobile-first-design-على-زد.html,../images/logo.webp,1000,1000,lazy,async,auto,3
articles/تصميم-متجر-احترافي-استراتيجيات-لتمييز-متجرك-عن-المنافسين.html,../images/logo.webp,1000,1000,lazy,async,auto,3
articles/تصميم-متجر-احترافي-استراتيجيات-لتمييز-متجرك-عن-المنافسين.html,../images/logo.webp,1000,1000,lazy,async,auto,3
articles/تفعيل-بكسلات-التحويل-فيسبوك-سناب-شات-لتحسين-الحملات-الإعلانية.html,../images/logo.webp,1000,1000,lazy,async,auto,3
articles/تفعيل-بكسلات-التحويل-فيسبوك-سناب-شات-لتحسين-الحملات-الإعلانية.html,../images/logo.webp,1000,1000,lazy,async,auto,3
articles/تفعيل-تابي-وتمارا-دليل-للامتثال-لشروط-الخدمة.html,../images/logo.webp,1000,1000,lazy,async,auto,3
articles/تفعيل-تابي-وتمارا-دليل-للامتثال-لشروط-الخدمة.html,../images/logo.webp,1000,1000,lazy,async,auto,3
articles/توثيق-المتجر-الاحترافي-متطلبات-إضافية-لزيادة-الموثوقية.html,../images/logo.webp,1000,1000,lazy,async,auto,3
articles/توثيق-المتجر-الاحترافي-متطلبات-إضافية-لزيادة-الموثوقية.html,../images/logo.webp,1000,1000,lazy,async,auto,3
articles/توثيق-المتجر-في-سلة-دليل-لتجنب-الأخطاء-الشائعة.html,../images/logo.webp,1000,1000,lazy,async,auto,3
articles/توثيق-المتجر-في-سلة-دليل-لتجنب-الأخطاء-الشائعة.html,../images/logo.webp,1000,1000,lazy,async,auto,3
articles/توثيق-منصة-الأعمال-دليل-لتجنب-الرفض-وتسريع-الإجراءات.html,../images/logo.webp,1000,1000,lazy,async,auto,3
articles/توثيق-منصة-الأعمال-دليل-لتجنب-الرفض-وتسريع-الإجراءات.html,../images/logo.webp,1000,1000,lazy,async,auto,3
articles/توثيق-منصة-الأعمال-ضمان-حقوق-التاجر-والمستهلك.html,../images/logo.webp,1000,1000,lazy,async,auto,3
articles/توثيق-منصة-الأعمال-ضمان-حقوق-التاجر-والمستهلك.html,../images/logo.webp,1000,1000,lazy,async,auto,3
articles/حلول-الدفع-الآمنة-كيف-تحمي-متجرك-وعملائك.html,../images/logo.webp,1000,1000,lazy,async,auto,3
articles/حلول-الدفع-الآمنة-كيف-تحمي-متجرك-وعملائك.html,../images/logo.webp,1000,1000,lazy,async,auto,3
articles/خدمات-الإدارة-الاحترافية-للحملات-الإعلانية-تحقيق-أفضل-النتائج.html,../images/logo.webp,1000,1000,lazy,async,auto,3
articles/خدمات-الإدارة-الاحترافية-للحملات-الإعلانية-تحقيق-أفضل-النتائج.html,../images/logo.webp,1000,1000,lazy,async,auto,3
articles/خدمات-الإدارة-المتكاملة-للمتجر-والتسويق-الرقمي-ما-الذي-تقدمه.html,../images/logo.webp,1000,1000,lazy,async,auto,3
articles/خدمات-الإدارة-المتكاملة-للمتجر-والتسويق-الرقمي-ما-الذي-تقدمه.html,../images/logo.webp,1000,1000,lazy,async,auto,3
articles/خدمات-الدعم-الفني-لتوثيق-متجرك-في-منصة-الأعمال.html,../images/logo.webp,1000,1000,lazy,async,auto,3
articles/خدمات-الدعم-الفني-لتوثيق-متجرك-في-منصة-الأعمال.html,../images/logo.webp,1000,1000,lazy,async,auto,3
articles/خدمات-المساعدة-في-استخراج-وثيقة-العمل-الحر-توفير-الوقت-والجهد.html,../images/logo.webp,1000,1000,lazy,async,auto,3
articles/خدمات-المساعدة-في-استخراج-وثيقة-العمل-الحر-توفير-الوقت-والجهد.html,../images/logo.webp,1000,1000,lazy,async,auto,3
articles/خدمات-المساعدة-في-تفعيل-بوابات-الدفع-ضمان-التكامل-السريع.html,../images/logo.webp,1000,1000,lazy,async,auto,3
articles/خدمات-المساعدة-في-تفعيل-بوابات-الدفع-ضمان-التكامل-السريع.html,../images/logo.webp,1000,1000,lazy,async,auto,3
articles/خدمات-المساعدة-في-تفعيل-تابي-وتمارا-ضمان-القبول-السريع.html,../images/logo.webp,1000,1000,lazy,async,auto,3
articles/خدمات-المساعدة-في-تفعيل-تابي-وتمارا-ضمان-القبول-السريع.html,../images/logo.webp,1000,1000,lazy,async,auto,3
articles/خدمات-المساعدة-في-توثيق-متجرك-على-سلة-ضمان-القبول-السريع.html,../images/logo.webp,1000,1000,lazy,async,auto,3
articles/خدمات-المساعدة-في-توثيق-متجرك-على-سلة-ضمان-القبول-السريع.html,../images/logo.webp,1000,1000,lazy,async,auto,3
articles/خطوات-التسجيل-وتفعيل-بوابة-الدفع-ميس-mees-على-متجرك.html,../images/logo.webp,1000,1000,lazy,async,auto,3
articles/خطوات-التسجيل-وتفعيل-بوابة-الدفع-ميس-mees-على-متجرك.html,../images/logo.webp,1000,1000,lazy,async,auto,3
articles/خطوات-فتح-حساب-بنكي-إلكتروني-للأفراد-والمؤسسات.html,../images/logo.webp,1000,1000,lazy,async,auto,3
articles/خطوات-فتح-حساب-بنكي-إلكتروني-للأفراد-والمؤسسات.html,../images/logo.webp,1000,1000,lazy,async,auto,3
articles/دليل-تفعيل-بوابة-الدفع-مدفوع-madfou-للمتاجر-الناشئة.html,../images/logo.webp,1000,1000,lazy,async,auto,3
articles/دليل-تفعيل-بوابة-الدفع-مدفوع-madfou-للمتاجر-الناشئة.html,../images/logo.webp,1000,1000,lazy,async,auto,3
articles/دليل-تفعيل-تابي-وتمارا-للمتاجر-التي-تعمل-بدون-سجل-تجاري.html,../images/logo.webp,1000,1000,lazy,async,auto,3
articles/دليل-تفعيل-تابي-وتمارا-للمتاجر-التي-تعمل-بدون-سجل-تجاري.html,../images/logo.webp,1000,1000,lazy,async,auto,3
articles/دور-الهوية-البصرية-في-نجاح-متجرك-الإلكتروني-الاحترافي.html,../images/logo.webp,1000,1000,lazy,async,auto,3
articles/دور-الهوية-البصرية-في-نجاح-متجرك-الإلكتروني-الاحترافي.html,../images/logo.webp,1000,1000,lazy,async,auto,3
articles/دور-تحسين-seo-في-دعم-أداء-حملاتك-الإعلانية.html,../images/logo.webp,1000,1000,lazy,async,auto,3
articles/دور-تحسين-seo-في-دعم-أداء-حملاتك-الإعلانية.html,../images/logo.webp,1000,1000,lazy,async,auto,3
articles/دور-تخصيص-css-في-تصميم-متجر-سلة-احترافي-ومميز.html,../images/logo.webp,1000,1000,lazy,async,auto,3
articles/دور-تخصيص-css-في-تصميم-متجر-سلة-احترافي-ومميز.html,../images/logo.webp,1000,1000,lazy,async,auto,3
articles/ربط-متجرك-بـ-google-merchant-center-خطوات-لزيادة-الظهور.html,../images/logo.webp,1000,1000,lazy,async,auto,3
articles/ربط-متجرك-بـ-google-merchant-center-خطوات-لزيادة-الظهور.html,../images/logo.webp,1000,1000,lazy,async,auto,3
articles/عناصر-التصميم-التي-تزيد-من-معدل-التحويل-في-المتاجر-الإلكترونية.html,../images/logo.webp,1000,1000,lazy,async,auto,3
articles/عناصر-التصميم-التي-تزيد-من-معدل-التحويل-في-المتاجر-الإلكترونية.html,../images/logo.webp,1000,1000,lazy,async,auto,3
articles/فتح-حساب-بنكي-للمشاريع-الناشئة-دليل-خطوة-بخطوة.html,../images/logo.webp,1000,1000,lazy,async,auto,3
articles/فتح-حساب-بنكي-للمشاريع-الناشئة-دليل-خطوة-بخطوة.html,../images/logo.webp,1000,1000,lazy,async,auto,3
articles/كيف-تختار-قالب-متجر-زد-المناسب-لمنتجاتك-دليل-عملي.html,../images/logo.webp,1000,1000,lazy,async,auto,3
articles/كيف-تختار-قالب-متجر-زد-المناسب-لمنتجاتك-دليل-عملي.html,../images/logo.webp,1000,1000,lazy,async,auto,3
articles/كيف-تخطط-لحملة-إعلانية-ناجحة-لمتجرك-الإلكتروني.html,../images/logo.webp,1000,1000,lazy,async,auto,3
articles/كيف-تخطط-لحملة-إعلانية-ناجحة-لمتجرك-الإلكتروني.html,../images/logo.webp,1000,1000,lazy,async,auto,3
articles/كيف-تساعد-وثيقة-العمل-الحر-في-توثيق-متجرك-على-منصتي-سلة-وزد.html,../images/logo.webp,1000,1000,lazy,async,auto,3
articles/كيف-تساعد-وثيقة-العمل-الحر-في-توثيق-متجرك-على-منصتي-سلة-وزد.html,../images/logo.webp,1000,1000,lazy,async,auto,3
articles/كيف-تضمن-إدارة-متجرك-الإلكتروني-بكفاءة-عالية-لمدة-شهر.html,../images/logo.webp,1000,1000,lazy,async,auto,3
articles/كيف-تضمن-إدارة-متجرك-الإلكتروني-بكفاءة-عالية-لمدة-شهر.html,../images/logo.webp,1000,1000,lazy,async,auto,3
articles/كيف-يؤثر-الدفع-الآجل-على-سلة-المشتريات-وقيمة-الطلب-المتوسطة.html,../images/logo.webp,1000,1000,lazy,async,auto,3
articles/كيف-يؤثر-الدفع-الآجل-على-سلة-المشتريات-وقيمة-الطلب-المتوسطة.html,../images/logo.webp,1000,1000,lazy,async,auto,3
articles/كيف-يؤثر-توثيق-المتجر-على-تحسين-محركات-البحث-seo-لمتجرك.html,../images/logo.webp,1000,1000,lazy,async,auto,3
articles/كيف-يؤثر-توثيق-المتجر-على-تحسين-محركات-البحث-seo-لمتجرك.html,../images/logo.webp,1000,1000,lazy,async,auto,3
articles/كيف-يؤثر-توثيق-منصة-الأعمال-على-التعاملات-المالية-والحساب-البنكي.html,../images/logo.webp,1000,1000,lazy,async,auto,3
articles/كيف-يؤثر-توثيق-منصة-الأعمال-على-التعاملات-المالية-والحساب-البنكي.html,../images/logo.webp,1000,1000,lazy,async,auto,3
articles/كيف-يسهل-الحساب-البنكي-التجاري-عملية-توثيق-متجرك-الإلكتروني.html,../images/logo.webp,1000,1000,lazy,async,auto,3
articles/كيف-يسهل-الحساب-البنكي-التجاري-عملية-توثيق-متجرك-الإلكتروني.html,../images/logo.webp,1000,1000,lazy,async,auto,3
articles/كيفية-تجديد-وثيقة-العمل-الحر-وتعديل-بياناتها.html,../images/logo.webp,1000,1000,lazy,async,auto,3
articles/كيفية-تجديد-وثيقة-العمل-الحر-وتعديل-بياناتها.html,../images/logo.webp,1000,1000,lazy,async,auto,3
articles/كيفية-تصميم-متجر-إلكتروني-احترافي-على-منصة-سلة-وزد.html,../images/logo.webp,1000,1000,lazy,async,auto,3
articles/كيفية-تصميم-متجر-إلكتروني-احترافي-على-منصة-سلة-وزد.html,../images/logo.webp,1000,1000,lazy,async,auto,3
articles/كيفية-ربط-بوابة-الدفع-إمكان-imkan-بمتجرك-على-سلة-أو-زد.html,../images/logo.webp,1000,1000,lazy,async,auto,3
articles/كيفية-ربط-بوابة-الدفع-إمكان-imkan-بمتجرك-على-سلة-أو-زد.html,../images/logo.webp,1000,1000,lazy,async,auto,3
articles/ما-هي-وثيقة-العمل-الحر-وأهميتها-لأصحاب-المتاجر-الإلكترونية.html,../images/logo.webp,1000,1000,lazy,async,auto,3
articles/ما-هي-وثيقة-العمل-الحر-وأهميتها-لأصحاب-المتاجر-الإلكترونية.html,../images/logo.webp,1000,1000,lazy,async,auto,3
articles/متطلبات-التوثيق-للمتاجر-التي-تعمل-على-منصات-سلة-وزد.html,../images/logo.webp,1000,1000,lazy,async,auto,3
articles/متطلبات-التوثيق-للمتاجر-التي-تعمل-على-منصات-سلة-وزد.html,../images/logo.webp,1000,1000,lazy,async,auto,3
articles/مقارنة-بين-إجراءات-فتح-حساب-بنكي-تجاري-في-الراجحي-والإنماء.html,../images/logo.webp,1000,1000,lazy,async,auto,3
articles/مقارنة-بين-إجراءات-فتح-حساب-بنكي-تجاري-في-الراجحي-والإنماء.html,../images/logo.webp,1000,1000,lazy,async,auto,3
articles/مقارنة-بين-بوابات-الدفع-الإلكتروني-ميس-مدفوع-وإمكان.html,../images/logo.webp,1000,1000,lazy,async,auto,3
articles/مقارنة-بين-بوابات-الدفع-الإلكتروني-ميس-مدفوع-وإمكان.html,../images/logo.webp,1000,1000,lazy,async,auto,3
articles/مقارنة-بين-منصات-الإعلان-الرئيسية-جوجل-فيسبوك-سناب-شات.html,../images/logo.webp,1000,1000,lazy,async,auto,3
articles/مقارنة-بين-منصات-الإعلان-الرئيسية-جوجل-فيسبوك-سناب-شات.html,../images/logo.webp,1000,1000,lazy,async,auto,3
articles/مقارنة-شاملة-بين-باقات-تصميم-متجر-سلة-بيسك-بلس-برو-ذهبية.html,../images/logo.webp,1000,1000,lazy,async,auto,3
articles/مقارنة-شاملة-بين-باقات-تصميم-متجر-سلة-بيسك-بلس-برو-ذهبية.html,../images/logo.webp,1000,1000,lazy,async,auto,3
articles/نصائح-لتسريع-عملية-الموافقة-على-فتح-حساب-بنكي-للأعمال.html,../images/logo.webp,1000,1000,lazy,async,auto,3
articles/نصائح-لتسريع-عملية-الموافقة-على-فتح-حساب-بنكي-للأعمال.html,../images/logo.webp,1000,1000,lazy,async,auto,3
articles/وثيقة-العمل-الحر-دليل-لتحديد-النشاط-المناسب-لمتجرك.html,../images/logo.webp,1000,1000,lazy,async,auto,3
articles/وثيقة-العمل-الحر-دليل-لتحديد-النشاط-المناسب-لمتجرك.html,../images/logo.webp,1000,1000,lazy,async,auto,3
articles/وثيقة-العمل-الحر-والالتزامات-الضريبية-ما-يجب-أن-تعرفه.html,../images/logo.webp,1000,1000,lazy,async,auto,3
articles/وثيقة-العمل-الحر-والالتزامات-الضريبية-ما-يجب-أن-تعرفه.html,../images/logo.webp,1000,1000,lazy,async,auto,3
articles.html,images/logo.webp,1000,1000,lazy,async,auto,3
articles.html,images/logo.webp,1000,1000,lazy,async,auto,3
discount-salla-plus.html,images/logo.webp,1000,1000,lazy,async,auto,3
discount-salla-plus.html,images/salla.webp,1000,1000,lazy,async,auto,3
discount-salla-plus.html,images/logo.webp,1000,1000,lazy,async,auto,3
discount-salla-pro.html,images/logo.webp,1000,1000,lazy,async,auto,3
discount-salla-pro.html,images/salla.webp,1000,1000,lazy,async,auto,3
discount-salla-pro.html,images/logo.webp,1000,1000,lazy,async,auto,3
index.html,images/logo.webp,1000,1000,eager,async,high,3
index.html,images/lana-badawood-salla-gold-pro.webp,525,10697,lazy,async,auto,2
index.html,images/lara-alsaad-boutique-salla-gold-pro.webp,525,10817,lazy,async,auto,2
index.html,images/duk-altayeb-salla-gold-pro.webp,525,6441,lazy,async,auto,2
index.html,images/cloud-xsa.webp,615,7580,lazy,async,auto,2
index.html,images/juicyvapesa.webp,615,9358,lazy,async,auto,2
index.html,images/mtger_abk1.webp,615,10503,lazy,async,auto,2
index.html,images/darlisa_pro.webp,620,16276,lazy,async,auto,2
index.html,images/leder.webp,620,4255,lazy,async,auto,2
index.html,images/black%20bear%20salla%20pro.webp,615,7518,lazy,async,auto,2
index.html,images/sanbosaalbalad_pro.webp,615,3766,lazy,async,auto,2
index.html,images/alyasaminoil_tawsaa_.webp,615,4685,lazy,async,auto,2
index.html,images/mtger_anaia3.webp,652,4044,lazy,async,auto,2
index.html,images/swartyp_zid.webp,615,7842,lazy,async,auto,2
index.html,images/sarok_salla.webp,615,7426,lazy,async,auto,2
index.html,images/coffepro.webp,615,5097,lazy,async,auto,2
index.html,images/rivna.webp,620,8664,lazy,async,auto,2
index.html,images/asl_noura_plus.webp,615,3990,lazy,async,auto,2
index.html,images/matger_abaia4.webp,1080,3090,lazy,async,auto,3
index.html,images/fstinplus.webp,615,2657,lazy,async,auto,2
index.html,images/lana-badawood-salla-gold-pro.webp,525,10697,lazy,async,auto,2
index.html,images/lara-alsaad-boutique-salla-gold-pro.webp,525,10817,lazy,async,auto,2
index.html,images/duk-altayeb-salla-gold-pro.webp,525,6441,lazy,async,auto,2
index.html,images/mtger_abk1.webp,615,10503,lazy,async,auto,2
index.html,images/darlisa_pro.webp,620,16276,lazy,async,auto,2
index.html,images/leder.webp,620,4255,lazy,async,auto,2
index.html,images/black%20bear%20salla%20pro.webp,615,7518,lazy,async,auto,2
index.html,images/sanbosaalbalad_pro.webp,615,3766,lazy,async,auto,2
index.html,images/mtger_anaia3.webp,652,4044,lazy,async,auto,2
index.html,images/sarok_salla.webp,615,7426,lazy,async,auto,2
index.html,images/coffepro.webp,615,5097,lazy,async,auto,2
index.html,images/rivna.webp,620,8664,lazy,async,auto,2
index.html,images/darlisa_pro.webp,620,16276,lazy,async,auto,2
index.html,images/rivna.webp,620,8664,lazy,async,auto,2
index.html,images/darlisa_pro.webp,620,16276,lazy,async,auto,2
index.html,images/rivna.webp,620,8664,lazy,async,auto,2
index.html,images/asl_noura_plus.webp,615,3990,lazy,async,auto,2
index.html,images/matger_abaia4.webp,1080,3090,lazy,async,auto,3
index.html,images/fstinplus.webp,615,2657,lazy,async,auto,2
index.html,images/salla.webp,1000,1000,lazy,async,auto,3
index.html,images/zid.webp,1000,1000,lazy,async,auto,3
index.html,images/shopify.webp,1000,1000,lazy,async,auto,3
index.html,images/wordpress.webp,1000,1000,lazy,async,auto,3
index.html,images/logo.webp,1000,1000,lazy,async,auto,3
salla-store-design-dammam.html,images/logo.webp,1000,1000,lazy,async,auto,3
salla-store-design-jeddah.html,images/logo.webp,1000,1000,lazy,async,auto,3
salla-store-design-makkah.html,images/logo.webp,1000,1000,lazy,async,auto,3
salla-store-design-riyadh.html,images/logo.webp,1000,1000,lazy,async,auto,3
salla-store-design.html,images/logo.webp,1000,1000,lazy,async,auto,3
zid-store-design.html,images/logo.webp,1000,1000,lazy,async,auto,3
